ctime,schemaname,relname,seq_scan,seq_tup_read,idx_scan,idx_tup_fetch,n_tup_ins,n_tup_upd,n_tup_del,n_tup_hot_upd,n_live_tup,n_dead_tup,heap_blks_read,heap_blks_hit,idx_blks_read,idx_blks_hit,toast_blks_read,toast_blks_hit,tidx_blks_read,tidx_blks_hit
1416385843.18805,pg_catalog,pg_attrdef,0,0,0,0,0,0,0,0,0,0,0,0,0,0,0,0,0,0
1416385843.18805,pg_catalog,pg_db_role_setting,0,0,78428,0,0,0,0,0,0,0,0,0,240,78188,0,0,0,0
1416385843.18805,pg_catalog,pg_rowsecurity,0,0,0,0,0,0,0,0,0,0,0,0,0,0,,,,
1416385843.18805,pg_catalog,pg_description,0,0,2570,0,0,0,0,0,0,0,0,0,696,5024,0,0,0,0
1416385843.18805,pg_catalog,pg_foreign_data_wrapper,0,0,0,0,0,0,0,0,0,0,0,0,0,0,,,,
1416385843.18805,pg_catalog,pg_conversion,0,0,0,0,0,0,0,0,0,0,0,0,0,0,,,,
1416385843.18805,pg_catalog,pg_class,6027,1302799,464767,424637,1020,320,1020,309,337,5,5894,488712,4209,972022,,,,
1416385843.18805,pg_catalog,pg_opfamily,0,0,0,0,0,0,0,0,0,0,0,0,0,0,,,,
1416385843.18805,pg_catalog,pg_auth_members,0,0,0,0,0,0,0,0,0,0,0,0,0,0,,,,
1416385843.18805,public,orders,17,165105000,5161054,8314402,15015000,0,15000,0,15000000,15000,2179925,7271370,94543,15561215,,,,
1416385843.18805,pg_catalog,pg_operator,0,0,143404,753181,0,0,0,0,0,0,4000,520833,3519,310921,,,,
1416385843.18805,pg_toast,pg_toast_12345,0,0,0,0,0,0,0,0,0,0,0,0,0,0,,,,
1416385843.18805,pg_catalog,pg_attribute,1595,10875,381405,859336,3700,100,3700,100,2514,527,14686,422800,3464,796801,,,,
1416385843.18805,pg_catalog,pg_tablespace,0,0,13323,13323,0,0,0,0,0,0,384,12939,797,25907,,,,
1416385843.18805,pg_catalog,pg_statistic,0,0,105038,101048,817,2303,820,2170,464,66,10571,97457,1223,224442,25497,102350,1085,114167
1416385843.18805,pg_catalog,pg_aggregate,0,0,9981,9981,0,0,0,0,0,0,738,9243,1673,15726,,,,
1416385843.18805,public,partsupp,7,40000000,56240,2355140,8000000,0,0,0,8000000,0,854763,3056246,38581,136996,,,,
1416385843.18805,pg_catalog,pg_inherits,0,0,580,0,0,0,0,0,0,0,0,0,242,338,,,,
1416385843.18805,pg_catalog,pg_enum,0,0,0,0,0,0,0,0,0,0,0,0,0,0,,,,
1416385843.18805,pg_toast,pg_toast_2396,0,0,0,0,0,0,0,0,0,0,0,0,0,0,,,,
1416385843.18805,pg_catalog,pg_pltemplate,0,0,0,0,0,0,0,0,0,0,0,0,0,0,,,,
1416385843.18805,public,nation,24,325,25841,25865,25,0,0,0,25,0,5,25851,12,25847,,,,
1416385843.18805,pg_toast,pg_toast_2618,0,0,1945,6212,0,0,0,0,0,0,1132,1250,335,2801,,,,
1416385843.18805,pg_toast,pg_toast_3596,0,0,0,0,0,0,0,0,0,0,0,0,0,0,,,,
1416385843.18805,pg_toast,pg_toast_2606,0,0,0,0,0,0,0,0,0,0,0,0,0,0,,,,
1416385843.18805,pg_toast,pg_toast_2964,0,0,0,0,0,0,0,0,0,0,0,0,0,0,,,,
1416385843.18805,public,lineitem,18,840102813,4214455,96121509,60045669,0,60340,0,59985378,60340,17069937,26666228,1115133,17478652,,,,
1416385843.18805,pg_toast,pg_toast_12330,0,0,0,0,0,0,0,0,0,0,0,0,0,0,,,,
1416385843.18805,pg_catalog,pg_database,1475,5660,63852,63852,0,0,0,0,0,0,175,65152,1070,101956,,,,
1416385843.18805,information_schema,sql_sizing_profiles,0,0,,,0,0,0,0,0,0,0,0,,,0,0,0,0
1416385843.18805,pg_toast,pg_toast_2620,0,0,0,0,0,0,0,0,0,0,0,0,0,0,,,,
1416385843.18805,pg_catalog,pg_depend,0,0,24068,25880,4420,0,4420,0,6685,404,4305,31016,6066,62648,,,,
1416385843.18805,pg_catalog,pg_language,0,0,0,0,0,0,0,0,0,0,0,0,0,0,,,,
1416385843.18805,public,region,6449,32220,16,16,5,0,0,0,5,0,4,6458,8,14,,,,
1416385843.18805,pg_toast,pg_toast_12320,0,0,0,0,0,0,0,0,0,0,0,0,0,0,,,,
1416385843.18805,pg_catalog,pg_amproc,290,580,82100,129299,0,0,0,0,0,0,402,80743,752,182512,,,,
1416385843.18805,public,supplier,11,700000,3313216,3413158,100000,0,0,0,100000,0,11555,3335624,847,6644242,,,,
1416385843.18805,pg_catalog,pg_collation,0,0,0,0,0,0,0,0,0,0,0,0,0,0,,,,
1416385843.18805,pg_catalog,pg_range,0,0,4489,0,0,0,0,0,0,0,0,0,1764,7214,,,,
1416385843.18805,pg_toast,pg_toast_2609,0,0,0,0,0,0,0,0,0,0,0,0,0,0,,,,
1416385843.18805,pg_catalog,pg_opclass,290,290,112971,1268795,0,0,0,0,0,0,901,503512,1805,138128,,,,
1416385843.18805,information_schema,sql_packages,0,0,,,0,0,0,0,0,0,0,0,,,0,0,0,0
1416385843.18805,pg_catalog,pg_rewrite,0,0,4619,3659,320,0,320,0,110,61,2261,4041,1047,6835,1132,1250,670,5602
1416385843.18805,pg_toast,pg_toast_1255,0,0,0,0,0,0,0,0,0,0,0,0,0,0,,,,
1416385843.18805,pg_catalog,pg_seclabel,0,0,2570,0,0,0,0,0,0,0,0,0,227,2343,0,0,0,0
1416385843.18805,pg_toast,pg_toast_12335,0,0,0,0,0,0,0,0,0,0,0,0,0,0,,,,
1416385843.18805,pg_catalog,pg_ts_parser,0,0,0,0,0,0,0,0,0,0,0,0,0,0,,,,
1416385843.18805,pg_catalog,pg_trigger,0,0,0,0,0,0,0,0,0,0,0,0,0,0,0,0,0,0
1416385843.18805,pg_toast,pg_toast_12340,0,0,0,0,0,0,0,0,0,0,0,0,0,0,,,,
1416385843.18805,pg_catalog,pg_shseclabel,0,0,0,0,0,0,0,0,0,0,0,0,0,0,,,,
1416385843.18805,pg_catalog,pg_event_trigger,0,0,960,0,0,0,0,0,0,0,0,0,265,695,,,,
1416385843.18805,information_schema,sql_features,0,0,,,0,0,0,0,0,0,0,0,,,0,0,0,0
1416385843.18805,information_schema,sql_languages,0,0,,,0,0,0,0,0,0,0,0,,,0,0,0,0
1416385843.18805,pg_catalog,pg_foreign_table,0,0,0,0,0,0,0,0,0,0,0,0,0,0,,,,
1416385843.18805,pg_catalog,pg_extension,0,0,0,0,0,0,0,0,0,0,0,0,0,0,,,,
1416385843.18805,pg_catalog,pg_ts_config,0,0,0,0,0,0,0,0,0,0,0,0,0,0,,,,
1416385843.18805,pg_catalog,pg_shdescription,0,0,0,0,0,0,0,0,0,0,0,0,0,0,0,0,0,0
1416385843.18805,pg_catalog,pg_cast,0,0,626238,148609,0,0,0,0,0,0,848,147761,524,643676,,,,
1416385843.18805,pg_catalog,pg_amop,0,0,167775,244303,0,0,0,0,0,0,1247,243056,2735,354894,,,,
1416385843.18805,pg_catalog,pg_user_mapping,0,0,0,0,0,0,0,0,0,0,0,0,0,0,,,,
1416385843.18805,pg_toast,pg_toast_12315,0,0,0,0,0,0,0,0,0,0,0,0,0,0,,,,
1416385843.18805,pg_catalog,pg_type,0,0,443570,439230,1150,0,1150,0,360,31,2934,441438,4301,911547,,,,
1416385843.18805,pg_catalog,pg_largeobject,0,0,0,0,0,0,0,0,0,0,0,0,0,0,,,,
1416385843.18805,information_schema,sql_parts,0,0,,,0,0,0,0,0,0,0,0,,,0,0,0,0
1416385843.18805,pg_catalog,pg_ts_config_map,0,0,0,0,0,0,0,0,0,0,0,0,0,0,,,,
1416385843.18805,pg_catalog,pg_largeobject_metadata,0,0,0,0,0,0,0,0,0,0,0,0,0,0,,,,
1416385843.18805,pg_catalog,pg_am,19504,19504,0,0,0,0,0,0,0,0,279,19225,0,0,,,,
1416385843.18805,pg_catalog,pg_ts_template,0,0,0,0,0,0,0,0,0,0,0,0,0,0,,,,
1416385843.18805,pg_catalog,pg_foreign_server,0,0,0,0,0,0,0,0,0,0,0,0,0,0,,,,
1416385843.18805,pg_catalog,pg_namespace,814,68932,105230,86740,2,0,0,0,2,0,441,87930,1268,123881,,,,
1416385843.18805,pg_toast,pg_toast_2619,0,0,78124,260775,3068,0,2830,0,261,12,25497,102350,1085,114167,,,,
1416385843.18805,pg_catalog,pg_authid,457,457,37223,37223,0,0,0,0,0,0,239,37441,1100,73346,,,,
1416385843.18805,pg_catalog,pg_default_acl,0,0,2320,0,0,0,0,0,0,0,0,0,243,2077,,,,
1416385843.18805,pg_catalog,pg_shdepend,0,0,3152,582,0,0,0,0,0,0,265,317,999,3313,,,,
1416385843.18805,public,part,10,16000000,78,2366331,2000000,0,0,0,2000000,0,199173,409568,7914,749,,,,
1416385843.18805,public,customer,14,15000000,81,1471646,1500000,0,0,0,1500000,0,196532,704371,4446,231,,,,
1416385843.18805,pg_catalog,pg_constraint,0,0,160,80,80,0,80,0,10,40,43,449,80,804,0,0,0,0
1416385843.18805,information_schema,sql_implementation_info,0,0,,,0,0,0,0,0,0,0,0,,,0,0,0,0
1416385843.18805,pg_catalog,pg_index,2876,262340,209661,297519,440,0,440,0,143,36,2538,300791,1384,239975,,,,
1416385843.18805,pg_catalog,pg_ts_dict,0,0,0,0,0,0,0,0,0,0,0,0,0,0,,,,
1416385843.18805,pg_toast,pg_toast_2604,0,0,0,0,0,0,0,0,0,0,0,0,0,0,,,,
1416385843.18805,pg_toast,pg_toast_12325,0,0,0,0,0,0,0,0,0,0,0,0,0,0,,,,
1416385843.18805,information_schema,sql_sizing,0,0,,,0,0,0,0,0,0,0,0,,,0,0,0,0
1416385843.18805,pg_catalog,pg_proc,0,0,165437,245016,0,0,0,0,0,0,14150,164687,6878,359438,0,0,0,0
1416385843.18805,public,time_statistics,26,375,,,28,26,0,26,28,26,4,76,,,,,,
1416385903.18922,pg_catalog,pg_attrdef,0,0,0,0,0,0,0,0,0,0,0,0,0,0,0,0,0,0
1416385903.18922,pg_catalog,pg_db_role_setting,0,0,79584,0,0,0,0,0,0,0,0,0,242,79342,0,0,0,0
1416385903.18922,pg_catalog,pg_rowsecurity,0,0,0,0,0,0,0,0,0,0,0,0,0,0,,,,
1416385903.18922,pg_catalog,pg_description,0,0,2610,0,0,0,0,0,0,0,0,0,705,5105,0,0,0,0
1416385903.18922,pg_catalog,pg_foreign_data_wrapper,0,0,0,0,0,0,0,0,0,0,0,0,0,0,,,,
1416385903.18922,pg_catalog,pg_conversion,0,0,0,0,0,0,0,0,0,0,0,0,0,0,,,,
1416385903.18922,pg_catalog,pg_class,6050,1305862,472664,431779,1031,329,1031,318,337,23,5918,496097,4223,988450,,,,
1416385903.18922,pg_catalog,pg_opfamily,0,0,0,0,0,0,0,0,0,0,0,0,0,0,,,,
1416385903.18922,pg_catalog,pg_auth_members,0,0,0,0,0,0,0,0,0,0,0,0,0,0,,,,
1416385903.18922,public,orders,69,225150000,10072149,19207557,15030000,0,30000,0,15000000,30000,3063575,13240463,215571,30352529,,,,
1416385903.18922,pg_catalog,pg_operator,0,0,147067,768647,0,0,0,0,0,0,4026,532010,3531,318732,,,,
1416385903.18922,pg_toast,pg_toast_12345,0,0,0,0,0,0,0,0,0,0,0,0,0,0,,,,
1416385903.18922,pg_catalog,pg_attribute,1606,10950,388631,876002,3726,100,3726,100,2514,550,14748,430500,3480,811641,,,,
1416385903.18922,pg_catalog,pg_tablespace,0,0,13552,13552,0,0,0,0,0,0,386,13166,802,26362,,,,
1416385903.18922,pg_catalog,pg_statistic,0,0,107497,103461,821,2340,821,2206,467,100,10624,99869,1227,229598,25628,105343,1086,118402
1416385903.18922,pg_catalog,pg_aggregate,0,0,10248,10248,0,0,0,0,0,0,741,9507,1679,16187,,,,
1416385903.18922,public,partsupp,24,48000000,56578,2355478,8000000,0,0,0,8000000,0,1025725,3056580,38600,138073,,,,
1416385903.18922,pg_catalog,pg_inherits,0,0,590,0,0,0,0,0,0,0,0,0,245,345,,,,
1416385903.18922,pg_catalog,pg_enum,0,0,0,0,0,0,0,0,0,0,0,0,0,0,,,,
1416385903.18922,pg_toast,pg_toast_2396,0,0,0,0,0,0,0,0,0,0,0,0,0,0,,,,
1416385903.18922,pg_catalog,pg_pltemplate,0,0,0,0,0,0,0,0,0,0,0,0,0,0,,,,
1416385903.18922,public,nation,119,500,26211,26283,25,0,0,0,25,0,7,26226,17,26292,,,,
1416385903.18922,pg_toast,pg_toast_2618,0,0,1950,6228,0,0,0,0,0,0,1137,1251,335,2809,,,,
1416385903.18922,pg_toast,pg_toast_3596,0,0,0,0,0,0,0,0,0,0,0,0,0,0,,,,
1416385903.18922,pg_toast,pg_toast_2606,0,0,0,0,0,0,0,0,0,0,0,0,0,0,,,,
1416385903.18922,pg_toast,pg_toast_2964,0,0,0,0,0,0,0,0,0,0,0,0,0,0,,,,
1416385903.18922,public,lineitem,55,1140210280,10016290,273939507,60105943,0,120391,0,59985601,120391,24247534,41099928,2095524,41630619,,,,
1416385903.18922,pg_toast,pg_toast_12330,0,0,0,0,0,0,0,0,0,0,0,0,0,0,,,,
1416385903.18922,pg_catalog,pg_database,1479,5670,64723,64723,0,0,0,0,0,0,176,66026,1078,103396,,,,
1416385903.18922,information_schema,sql_sizing_profiles,0,0,,,0,0,0,0,0,0,0,0,,,0,0,0,0
1416385903.18922,pg_toast,pg_toast_2620,0,0,0,0,0,0,0,0,0,0,0,0,0,0,,,,
1416385903.18922,pg_catalog,pg_depend,0,0,24495,26372,4505,0,4505,0,6685,489,4349,31563,6127,63812,,,,
1416385903.18922,pg_catalog,pg_language,0,0,0,0,0,0,0,0,0,0,0,0,0,0,,,,
1416385903.18922,public,region,6484,32235,86,86,5,0,0,0,5,0,5,6530,10,109,,,,
1416385903.18922,pg_toast,pg_toast_12320,0,0,0,0,0,0,0,0,0,0,0,0,0,0,,,,
1416385903.18922,pg_catalog,pg_amproc,292,584,83715,131898,0,0,0,0,0,0,404,82353,753,186028,,,,
1416385903.18922,public,supplier,38,900000,3338077,3533903,100000,0,0,0,100000,0,13839,3370205,1174,6694299,,,,
1416385903.18922,pg_catalog,pg_collation,0,0,0,0,0,0,0,0,0,0,0,0,0,0,,,,
1416385903.18922,pg_catalog,pg_range,0,0,4524,0,0,0,0,0,0,0,0,0,1772,7276,,,,
1416385903.18922,pg_toast,pg_toast_2609,0,0,0,0,0,0,0,0,0,0,0,0,0,0,,,,
1416385903.18922,pg_catalog,pg_opclass,292,292,115592,1300651,0,0,0,0,0,0,901,516155,1810,141205,,,,
1416385903.18922,information_schema,sql_packages,0,0,,,0,0,0,0,0,0,0,0,,,0,0,0,0
1416385903.18922,pg_catalog,pg_rewrite,0,0,4680,3693,329,0,329,0,110,70,2319,4110,1055,6929,1137,1251,670,5618
1416385903.18922,pg_toast,pg_toast_1255,0,0,0,0,0,0,0,0,0,0,0,0,0,0,,,,
1416385903.18922,pg_catalog,pg_seclabel,0,0,2610,0,0,0,0,0,0,0,0,0,230,2380,0,0,0,0
1416385903.18922,pg_toast,pg_toast_12335,0,0,0,0,0,0,0,0,0,0,0,0,0,0,,,,
1416385903.18922,pg_catalog,pg_ts_parser,0,0,0,0,0,0,0,0,0,0,0,0,0,0,,,,
1416385903.18922,pg_catalog,pg_trigger,0,0,0,0,0,0,0,0,0,0,0,0,0,0,0,0,0,0
1416385903.18922,pg_toast,pg_toast_12340,0,0,0,0,0,0,0,0,0,0,0,0,0,0,,,,
1416385903.18922,pg_catalog,pg_shseclabel,0,0,0,0,0,0,0,0,0,0,0,0,0,0,,,,
1416385903.18922,pg_catalog,pg_event_trigger,0,0,970,0,0,0,0,0,0,0,0,0,268,702,,,,
1416385903.18922,information_schema,sql_features,0,0,,,0,0,0,0,0,0,0,0,,,0,0,0,0
1416385903.18922,information_schema,sql_languages,0,0,,,0,0,0,0,0,0,0,0,,,0,0,0,0
1416385903.18922,pg_catalog,pg_foreign_table,0,0,0,0,0,0,0,0,0,0,0,0,0,0,,,,
1416385903.18922,pg_catalog,pg_extension,0,0,0,0,0,0,0,0,0,0,0,0,0,0,,,,
1416385903.18922,pg_catalog,pg_ts_config,0,0,0,0,0,0,0,0,0,0,0,0,0,0,,,,
1416385903.18922,pg_catalog,pg_shdescription,0,0,0,0,0,0,0,0,0,0,0,0,0,0,0,0,0,0
1416385903.18922,pg_catalog,pg_cast,0,0,638276,151750,0,0,0,0,0,0,851,150899,526,655987,,,,
1416385903.18922,pg_catalog,pg_amop,0,0,171996,250224,0,0,0,0,0,0,1253,248971,2742,363765,,,,
1416385903.18922,pg_catalog,pg_user_mapping,0,0,0,0,0,0,0,0,0,0,0,0,0,0,,,,
1416385903.18922,pg_toast,pg_toast_12315,0,0,0,0,0,0,0,0,0,0,0,0,0,0,,,,
1416385903.18922,pg_catalog,pg_type,0,0,450488,446061,1170,0,1170,0,360,51,2956,448321,4322,925857,,,,
1416385903.18922,pg_catalog,pg_largeobject,0,0,0,0,0,0,0,0,0,0,0,0,0,0,,,,
1416385903.18922,information_schema,sql_parts,0,0,,,0,0,0,0,0,0,0,0,,,0,0,0,0
1416385903.18922,pg_catalog,pg_ts_config_map,0,0,0,0,0,0,0,0,0,0,0,0,0,0,,,,
1416385903.18922,pg_catalog,pg_largeobject_metadata,0,0,0,0,0,0,0,0,0,0,0,0,0,0,,,,
1416385903.18922,pg_catalog,pg_am,19792,19792,0,0,0,0,0,0,0,0,280,19512,0,0,,,,
1416385903.18922,pg_catalog,pg_ts_template,0,0,0,0,0,0,0,0,0,0,0,0,0,0,,,,
1416385903.18922,pg_catalog,pg_foreign_server,0,0,0,0,0,0,0,0,0,0,0,0,0,0,,,,
1416385903.18922,pg_catalog,pg_namespace,816,69104,106122,87355,2,0,0,0,2,0,442,88548,1274,125056,,,,
1416385903.18922,pg_toast,pg_toast_2619,0,0,80136,267705,3072,0,2834,0,261,16,25628,105343,1086,118402,,,,
1416385903.18922,pg_catalog,pg_authid,460,460,37798,37798,0,0,0,0,0,0,241,38017,1108,74488,,,,
1416385903.18922,pg_catalog,pg_default_acl,0,0,2360,0,0,0,0,0,0,0,0,0,246,2114,,,,
1416385903.18922,pg_catalog,pg_shdepend,0,0,3202,592,0,0,0,0,0,0,268,324,1011,3371,,,,
1416385903.18922,public,part,28,20000000,361,2724102,2000000,0,0,0,2000000,0,310829,453029,13849,5617,,,,
1416385903.18922,public,customer,49,19500000,354,2973450,1500000,0,0,0,1500000,0,302361,1211236,9267,1353,,,,
1416385903.18922,pg_catalog,pg_constraint,0,0,160,80,80,0,80,0,10,40,43,449,80,804,0,0,0,0
1416385903.18922,information_schema,sql_implementation_info,0,0,,,0,0,0,0,0,0,0,0,,,0,0,0,0
1416385903.18922,pg_catalog,pg_index,2888,263062,214227,304297,441,0,441,0,143,37,2542,307551,1386,245035,,,,
1416385903.18922,pg_catalog,pg_ts_dict,0,0,0,0,0,0,0,0,0,0,0,0,0,0,,,,
1416385903.18922,pg_toast,pg_toast_2604,0,0,0,0,0,0,0,0,0,0,0,0,0,0,,,,
1416385903.18922,pg_toast,pg_toast_12325,0,0,0,0,0,0,0,0,0,0,0,0,0,0,,,,
1416385903.18922,information_schema,sql_sizing,0,0,,,0,0,0,0,0,0,0,0,,,0,0,0,0
1416385903.18922,pg_catalog,pg_proc,0,0,168650,250090,0,0,0,0,0,0,14213,168006,6906,366388,0,0,0,0
1416385903.18922,public,time_statistics,52,1868,,,71,52,0,52,71,52,5,171,,,,,,
1416385963.19102,pg_catalog,pg_attrdef,0,0,0,0,0,0,0,0,0,0,0,0,0,0,0,0,0,0
1416385963.19102,pg_catalog,pg_db_role_setting,0,0,79936,0,0,0,0,0,0,0,0,0,242,79694,0,0,0,0
1416385963.19102,pg_catalog,pg_rowsecurity,0,0,0,0,0,0,0,0,0,0,0,0,0,0,,,,
1416385963.19102,pg_catalog,pg_description,0,0,2626,0,0,0,0,0,0,0,0,0,715,5131,0,0,0,0
1416385963.19102,pg_catalog,pg_foreign_data_wrapper,0,0,0,0,0,0,0,0,0,0,0,0,0,0,,,,
1416385963.19102,pg_catalog,pg_conversion,0,0,0,0,0,0,0,0,0,0,0,0,0,0,,,,
1416385963.19102,pg_catalog,pg_class,6071,1308923,474264,433240,1036,332,1036,321,337,31,5949,497728,4243,991836,,,,
1416385963.19102,pg_catalog,pg_opfamily,0,0,0,0,0,0,0,0,0,0,0,0,0,0,,,,
1416385963.19102,pg_catalog,pg_auth_members,0,0,0,0,0,0,0,0,0,0,0,0,0,0,,,,
1416385963.19102,public,orders,75,315210000,11993873,23693721,15060000,0,45000,0,15015000,45000,4187137,15782529,231466,36390296,,,,
1416385963.19102,pg_catalog,pg_operator,0,0,147556,772068,0,0,0,0,0,0,4038,534317,3550,319805,,,,
1416385963.19102,pg_toast,pg_toast_12345,0,0,0,0,0,0,0,0,0,0,0,0,0,0,,,,
1416385963.19102,pg_catalog,pg_attribute,1617,11025,389920,879074,3740,100,3740,100,2050,22,14852,432024,3529,814391,,,,
1416385963.19102,pg_catalog,pg_tablespace,0,0,13608,13608,0,0,0,0,0,0,387,13221,804,26472,,,,
1416385963.19102,pg_catalog,pg_statistic,0,0,107830,103784,822,2347,822,2213,467,107,10696,100133,1231,230317,25787,105547,1093,118880
1416385963.19102,pg_catalog,pg_aggregate,0,0,10280,10280,0,0,0,0,0,0,746,9534,1691,16230,,,,
1416385963.19102,public,partsupp,25,56000000,104701,4070728,8000000,0,0,0,8000000,0,1383717,4503815,72748,253232,,,,
1416385963.19102,pg_catalog,pg_inherits,0,0,594,0,0,0,0,0,0,0,0,0,249,345,,,,
1416385963.19102,pg_catalog,pg_enum,0,0,0,0,0,0,0,0,0,0,0,0,0,0,,,,
1416385963.19102,pg_toast,pg_toast_2396,0,0,0,0,0,0,0,0,0,0,0,0,0,0,,,,
1416385963.19102,pg_catalog,pg_pltemplate,0,0,0,0,0,0,0,0,0,0,0,0,0,0,,,,
1416385963.19102,public,nation,128,725,51782,51878,25,0,0,0,25,0,12,51801,29,51858,,,,
1416385963.19102,pg_toast,pg_toast_2618,0,0,1955,6244,0,0,0,0,0,0,1142,1252,337,2815,,,,
1416385963.19102,pg_toast,pg_toast_3596,0,0,0,0,0,0,0,0,0,0,0,0,0,0,,,,
1416385963.19102,pg_toast,pg_toast_2606,0,0,0,0,0,0,0,0,0,0,0,0,0,0,,,,
1416385963.19102,pg_toast,pg_toast_2964,0,0,0,0,0,0,0,0,0,0,0,0,0,0,,,,
1416385963.19102,public,lineitem,59,1380212092,14996427,370157067,60225420,0,180117,0,60045352,180117,30893944,54430602,3473114,63316699,,,,
1416385963.19102,pg_toast,pg_toast_12330,0,0,0,0,0,0,0,0,0,0,0,0,0,0,,,,
1416385963.19102,pg_catalog,pg_database,1482,5682,65003,65003,0,0,0,0,0,0,176,66309,1078,103852,,,,
1416385963.19102,information_schema,sql_sizing_profiles,0,0,,,0,0,0,0,0,0,0,0,,,0,0,0,0
1416385963.19102,pg_toast,pg_toast_2620,0,0,0,0,0,0,0,0,0,0,0,0,0,0,,,,
1416385963.19102,pg_catalog,pg_depend,0,0,24658,26552,4536,0,4536,0,6685,520,4447,31742,6214,64194,,,,
1416385963.19102,pg_catalog,pg_language,0,0,0,0,0,0,0,0,0,0,0,0,0,0,,,,
1416385963.19102,public,region,12870,64160,94,94,5,0,0,0,5,0,8,12920,16,114,,,,
1416385963.19102,pg_toast,pg_toast_12320,0,0,0,0,0,0,0,0,0,0,0,0,0,0,,,,
1416385963.19102,pg_catalog,pg_amproc,294,588,84009,132358,0,0,0,0,0,0,406,82640,753,186700,,,,
1416385963.19102,public,supplier,43,1300000,3387908,3748551,100000,0,0,0,100000,0,16016,3434160,1227,6794659,,,,
1416385963.19102,pg_catalog,pg_collation,0,0,0,0,0,0,0,0,0,0,0,0,0,0,,,,
1416385963.19102,pg_catalog,pg_range,0,0,4551,0,0,0,0,0,0,0,0,0,1782,7320,,,,
1416385963.19102,pg_toast,pg_toast_2609,0,0,0,0,0,0,0,0,0,0,0,0,0,0,,,,
1416385963.19102,pg_catalog,pg_opclass,294,294,115933,1303766,0,0,0,0,0,0,907,517428,1820,141642,,,,
1416385963.19102,information_schema,sql_packages,0,0,,,0,0,0,0,0,0,0,0,,,0,0,0,0
1416385963.19102,pg_catalog,pg_rewrite,0,0,4705,3709,332,0,332,0,110,73,2339,4126,1071,6955,1142,1252,674,5630
1416385963.19102,pg_toast,pg_toast_1255,0,0,0,0,0,0,0,0,0,0,0,0,0,0,,,,
1416385963.19102,pg_catalog,pg_seclabel,0,0,2626,0,0,0,0,0,0,0,0,0,233,2393,0,0,0,0
1416385963.19102,pg_toast,pg_toast_12335,0,0,0,0,0,0,0,0,0,0,0,0,0,0,,,,
1416385963.19102,pg_catalog,pg_ts_parser,0,0,0,0,0,0,0,0,0,0,0,0,0,0,,,,
1416385963.19102,pg_catalog,pg_trigger,0,0,0,0,0,0,0,0,0,0,0,0,0,0,0,0,0,0
1416385963.19102,pg_toast,pg_toast_12340,0,0,0,0,0,0,0,0,0,0,0,0,0,0,,,,
1416385963.19102,pg_catalog,pg_shseclabel,0,0,0,0,0,0,0,0,0,0,0,0,0,0,,,,
1416385963.19102,pg_catalog,pg_event_trigger,0,0,974,0,0,0,0,0,0,0,0,0,272,702,,,,
1416385963.19102,information_schema,sql_features,0,0,,,0,0,0,0,0,0,0,0,,,0,0,0,0
1416385963.19102,information_schema,sql_languages,0,0,,,0,0,0,0,0,0,0,0,,,0,0,0,0
1416385963.19102,pg_catalog,pg_foreign_table,0,0,0,0,0,0,0,0,0,0,0,0,0,0,,,,
1416385963.19102,pg_catalog,pg_extension,0,0,0,0,0,0,0,0,0,0,0,0,0,0,,,,
1416385963.19102,pg_catalog,pg_ts_config,0,0,0,0,0,0,0,0,0,0,0,0,0,0,,,,
1416385963.19102,pg_catalog,pg_shdescription,0,0,0,0,0,0,0,0,0,0,0,0,0,0,0,0,0,0
1416385963.19102,pg_catalog,pg_cast,0,0,640647,152271,0,0,0,0,0,0,853,151418,526,658439,,,,
1416385963.19102,pg_catalog,pg_amop,0,0,172468,250954,0,0,0,0,0,0,1256,249698,2756,364777,,,,
1416385963.19102,pg_catalog,pg_user_mapping,0,0,0,0,0,0,0,0,0,0,0,0,0,0,,,,
1416385963.19102,pg_toast,pg_toast_12315,0,0,0,0,0,0,0,0,0,0,0,0,0,0,,,,
1416385963.19102,pg_catalog,pg_type,0,0,452537,448085,1178,0,1178,0,360,59,2982,450355,4351,930060,,,,
1416385963.19102,pg_catalog,pg_largeobject,0,0,0,0,0,0,0,0,0,0,0,0,0,0,,,,
1416385963.19102,information_schema,sql_parts,0,0,,,0,0,0,0,0,0,0,0,,,0,0,0,0
1416385963.19102,pg_catalog,pg_ts_config_map,0,0,0,0,0,0,0,0,0,0,0,0,0,0,,,,
1416385963.19102,pg_catalog,pg_largeobject_metadata,0,0,0,0,0,0,0,0,0,0,0,0,0,0,,,,
1416385963.19102,pg_catalog,pg_am,19877,19877,0,0,0,0,0,0,0,0,280,19597,0,0,,,,
1416385963.19102,pg_catalog,pg_ts_template,0,0,0,0,0,0,0,0,0,0,0,0,0,0,,,,
1416385963.19102,pg_catalog,pg_foreign_server,0,0,0,0,0,0,0,0,0,0,0,0,0,0,,,,
1416385963.19102,pg_catalog,pg_namespace,818,69276,106509,87659,2,0,0,0,2,0,443,88855,1284,125522,,,,
1416385963.19102,pg_toast,pg_toast_2619,0,0,80359,268461,3078,0,2840,0,261,22,25787,105547,1093,118880,,,,
1416385963.19102,pg_catalog,pg_authid,461,461,37971,37971,0,0,0,0,0,0,241,38191,1110,74832,,,,
1416385963.19102,pg_catalog,pg_default_acl,0,0,2376,0,0,0,0,0,0,0,0,0,249,2127,,,,
1416385963.19102,pg_catalog,pg_shdepend,0,0,3222,596,0,0,0,0,0,0,272,324,1026,3384,,,,
1416385963.19102,public,part,28,20000000,406,5093087,2000000,0,0,0,2000000,0,428978,458022,21777,6219,,,,
1416385963.19102,public,customer,53,25500000,386,3572803,1500000,0,0,0,1500000,0,450783,1494579,10972,1412,,,,
1416385963.19102,pg_catalog,pg_constraint,0,0,160,80,80,0,80,0,10,40,43,449,80,804,0,0,0,0
1416385963.19102,information_schema,sql_implementation_info,0,0,,,0,0,0,0,0,0,0,0,,,0,0,0,0
1416385963.19102,pg_catalog,pg_index,2900,263784,214932,305296,442,0,442,0,143,38,2550,308562,1392,245851,,,,
1416385963.19102,pg_catalog,pg_ts_dict,0,0,0,0,0,0,0,0,0,0,0,0,0,0,,,,
1416385963.19102,pg_toast,pg_toast_2604,0,0,0,0,0,0,0,0,0,0,0,0,0,0,,,,
1416385963.19102,pg_toast,pg_toast_12325,0,0,0,0,0,0,0,0,0,0,0,0,0,0,,,,
1416385963.19102,information_schema,sql_sizing,0,0,,,0,0,0,0,0,0,0,0,,,0,0,0,0
1416385963.19102,pg_catalog,pg_proc,0,0,169270,250988,0,0,0,0,0,0,14303,168573,6946,367751,0,0,0,0
1416385963.19102,public,time_statistics,78,4035,,,97,78,0,75,97,38,13,263,,,,,,
1416386023.19304,pg_catalog,pg_attrdef,0,0,0,0,0,0,0,0,0,0,0,0,0,0,0,0,0,0
1416386023.19304,pg_catalog,pg_db_role_setting,0,0,80240,0,0,0,0,0,0,0,0,0,243,79997,0,0,0,0
1416386023.19304,pg_catalog,pg_rowsecurity,0,0,0,0,0,0,0,0,0,0,0,0,0,0,,,,
1416386023.19304,pg_catalog,pg_description,0,0,2634,0,0,0,0,0,0,0,0,0,721,5143,0,0,0,0
1416386023.19304,pg_catalog,pg_foreign_data_wrapper,0,0,0,0,0,0,0,0,0,0,0,0,0,0,,,,
1416386023.19304,pg_catalog,pg_conversion,0,0,0,0,0,0,0,0,0,0,0,0,0,0,,,,
1416386023.19304,pg_catalog,pg_class,6092,1311984,475698,434551,1039,333,1039,322,337,35,6011,499162,4272,994843,,,,
1416386023.19304,pg_catalog,pg_opfamily,0,0,0,0,0,0,0,0,0,0,0,0,0,0,,,,
1416386023.19304,pg_catalog,pg_auth_members,0,0,0,0,0,0,0,0,0,0,0,0,0,0,,,,
1416386023.19304,public,orders,80,390270000,16065317,30641217,15075000,0,60000,0,15015000,60000,5715285,19768898,287787,48714109,,,,
1416386023.19304,pg_catalog,pg_operator,0,0,147966,774916,0,0,0,0,0,0,4062,536219,3579,320695,,,,
1416386023.19304,pg_toast,pg_toast_12345,0,0,0,0,0,0,0,0,0,0,0,0,0,0,,,,
1416386023.19304,pg_catalog,pg_attribute,1628,11100,391064,881741,3750,100,3750,100,2050,32,14968,433314,3553,816772,,,,
1416386023.19304,pg_catalog,pg_tablespace,0,0,13657,13657,0,0,0,0,0,0,394,13263,818,26556,,,,
1416386023.19304,pg_catalog,pg_statistic,0,0,108130,104076,823,2350,823,2215,467,111,10761,100374,1241,230959,25930,105712,1106,119296
1416386023.19304,pg_catalog,pg_aggregate,0,0,10310,10310,0,0,0,0,0,0,754,9556,1708,16263,,,,
1416386023.19304,public,partsupp,26,64000000,161106,6425900,8000000,0,0,0,8000000,0,1879157,6452754,112543,389595,,,,
1416386023.19304,pg_catalog,pg_inherits,0,0,596,0,0,0,0,0,0,0,0,0,251,345,,,,
1416386023.19304,pg_catalog,pg_enum,0,0,0,0,0,0,0,0,0,0,0,0,0,0,,,,
1416386023.19304,pg_toast,pg_toast_2396,0,0,0,0,0,0,0,0,0,0,0,0,0,0,,,,
1416386023.19304,pg_catalog,pg_pltemplate,0,0,0,0,0,0,0,0,0,0,0,0,0,0,,,,
1416386023.19304,public,nation,139,1000,78047,78167,25,0,0,0,25,0,14,78075,37,78123,,,,
1416386023.19304,pg_toast,pg_toast_2618,0,0,1960,6260,0,0,0,0,0,0,1147,1253,339,2821,,,,
1416386023.19304,pg_toast,pg_toast_3596,0,0,0,0,0,0,0,0,0,0,0,0,0,0,,,,
1416386023.19304,pg_toast,pg_toast_2606,0,0,0,0,0,0,0,0,0,0,0,0,0,0,,,,
1416386023.19304,pg_toast,pg_toast_2964,0,0,0,0,0,0,0,0,0,0,0,0,0,0,,,,
1416386023.19304,public,lineitem,63,1620274080,18355505,405483447,60285860,0,239639,0,60046270,239639,36613618,74398053,4309112,77507496,,,,
1416386023.19304,pg_toast,pg_toast_12330,0,0,0,0,0,0,0,0,0,0,0,0,0,0,,,,
1416386023.19304,pg_catalog,pg_database,1485,5694,65247,65247,0,0,0,0,0,0,177,66555,1085,104241,,,,
1416386023.19304,information_schema,sql_sizing_profiles,0,0,,,0,0,0,0,0,0,0,0,,,0,0,0,0
1416386023.19304,pg_toast,pg_toast_2620,0,0,0,0,0,0,0,0,0,0,0,0,0,0,,,,
1416386023.19304,pg_catalog,pg_depend,0,0,24733,26628,4549,0,4549,0,6685,533,4475,31812,6263,64351,,,,
1416386023.19304,pg_catalog,pg_language,0,0,0,0,0,0,0,0,0,0,0,0,0,0,,,,
1416386023.19304,public,region,19430,96955,104,104,5,0,0,0,5,0,9,19488,19,125,,,,
1416386023.19304,pg_toast,pg_toast_12320,0,0,0,0,0,0,0,0,0,0,0,0,0,0,,,,
1416386023.19304,pg_catalog,pg_amproc,296,592,84261,132752,0,0,0,0,0,0,409,82887,757,187272,,,,
1416386023.19304,public,supplier,47,1600000,6734705,7207312,100000,0,0,0,100000,0,17047,6794466,1556,13506650,,,,
1416386023.19304,pg_catalog,pg_collation,0,0,0,0,0,0,0,0,0,0,0,0,0,0,,,,
1416386023.19304,pg_catalog,pg_range,0,0,4575,0,0,0,0,0,0,0,0,0,1804,7346,,,,
1416386023.19304,pg_toast,pg_toast_2609,0,0,0,0,0,0,0,0,0,0,0,0,0,0,,,,
1416386023.19304,pg_catalog,pg_opclass,296,296,116218,1306334,0,0,0,0,0,0,913,518481,1833,142006,,,,
1416386023.19304,information_schema,sql_packages,0,0,,,0,0,0,0,0,0,0,0,,,0,0,0,0
1416386023.19304,pg_catalog,pg_rewrite,0,0,4718,3719,333,0,333,0,110,3,2389,4209,1081,6969,1147,1253,678,5642
1416386023.19304,pg_toast,pg_toast_1255,0,0,0,0,0,0,0,0,0,0,0,0,0,0,,,,
1416386023.19304,pg_catalog,pg_seclabel,0,0,2634,0,0,0,0,0,0,0,0,0,235,2399,0,0,0,0
1416386023.19304,pg_toast,pg_toast_12335,0,0,0,0,0,0,0,0,0,0,0,0,0,0,,,,
1416386023.19304,pg_catalog,pg_ts_parser,0,0,0,0,0,0,0,0,0,0,0,0,0,0,,,,
1416386023.19304,pg_catalog,pg_trigger,0,0,0,0,0,0,0,0,0,0,0,0,0,0,0,0,0,0
1416386023.19304,pg_toast,pg_toast_12340,0,0,0,0,0,0,0,0,0,0,0,0,0,0,,,,
1416386023.19304,pg_catalog,pg_shseclabel,0,0,0,0,0,0,0,0,0,0,0,0,0,0,,,,
1416386023.19304,pg_catalog,pg_event_trigger,0,0,976,0,0,0,0,0,0,0,0,0,274,702,,,,
1416386023.19304,information_schema,sql_features,0,0,,,0,0,0,0,0,0,0,0,,,0,0,0,0
1416386023.19304,information_schema,sql_languages,0,0,,,0,0,0,0,0,0,0,0,,,0,0,0,0
1416386023.19304,pg_catalog,pg_foreign_table,0,0,0,0,0,0,0,0,0,0,0,0,0,0,,,,
1416386023.19304,pg_catalog,pg_extension,0,0,0,0,0,0,0,0,0,0,0,0,0,0,,,,
1416386023.19304,pg_catalog,pg_ts_config,0,0,0,0,0,0,0,0,0,0,0,0,0,0,,,,
1416386023.19304,pg_catalog,pg_shdescription,0,0,0,0,0,0,0,0,0,0,0,0,0,0,0,0,0,0
1416386023.19304,pg_catalog,pg_cast,0,0,642839,152754,0,0,0,0,0,0,864,151890,529,660698,,,,
1416386023.19304,pg_catalog,pg_amop,0,0,172907,251646,0,0,0,0,0,0,1267,250379,2781,365702,,,,
1416386023.19304,pg_catalog,pg_user_mapping,0,0,0,0,0,0,0,0,0,0,0,0,0,0,,,,
1416386023.19304,pg_toast,pg_toast_12315,0,0,0,0,0,0,0,0,0,0,0,0,0,0,,,,
1416386023.19304,pg_catalog,pg_type,0,0,454339,449876,1182,0,1182,0,360,63,3004,452140,4388,933729,,,,
1416386023.19304,pg_catalog,pg_largeobject,0,0,0,0,0,0,0,0,0,0,0,0,0,0,,,,
1416386023.19304,information_schema,sql_parts,0,0,,,0,0,0,0,0,0,0,0,,,0,0,0,0
1416386023.19304,pg_catalog,pg_ts_config_map,0,0,0,0,0,0,0,0,0,0,0,0,0,0,,,,
1416386023.19304,pg_catalog,pg_largeobject_metadata,0,0,0,0,0,0,0,0,0,0,0,0,0,0,,,,
1416386023.19304,pg_catalog,pg_am,19950,19950,0,0,0,0,0,0,0,0,282,19668,0,0,,,,
1416386023.19304,pg_catalog,pg_ts_template,0,0,0,0,0,0,0,0,0,0,0,0,0,0,,,,
1416386023.19304,pg_catalog,pg_foreign_server,0,0,0,0,0,0,0,0,0,0,0,0,0,0,,,,
1416386023.19304,pg_catalog,pg_namespace,820,69448,106861,87940,2,0,0,0,2,0,446,89137,1293,125940,,,,
1416386023.19304,pg_toast,pg_toast_2619,0,0,80560,269123,3080,0,2842,0,261,24,25930,105712,1106,119296,,,,
1416386023.19304,pg_catalog,pg_authid,462,462,38120,38120,0,0,0,0,0,0,242,38340,1118,75122,,,,
1416386023.19304,pg_catalog,pg_default_acl,0,0,2384,0,0,0,0,0,0,0,0,0,251,2133,,,,
1416386023.19304,pg_catalog,pg_shdepend,0,0,3232,598,0,0,0,0,0,0,274,324,1034,3390,,,,
1416386023.19304,public,part,30,24000000,440,7145509,2000000,0,0,0,2000000,0,582185,470713,27640,6289,,,,
1416386023.19304,public,customer,55,28500000,453,5616805,1500000,0,0,0,1500000,0,590775,2001831,16696,1513,,,,
1416386023.19304,pg_catalog,pg_constraint,0,0,160,80,80,0,80,0,10,40,43,449,80,804,0,0,0,0
1416386023.19304,information_schema,sql_implementation_info,0,0,,,0,0,0,0,0,0,0,0,,,0,0,0,0
1416386023.19304,pg_catalog,pg_index,2912,264506,215550,306164,443,0,443,0,143,39,2573,309434,1405,246557,,,,
1416386023.19304,pg_catalog,pg_ts_dict,0,0,0,0,0,0,0,0,0,0,0,0,0,0,,,,
1416386023.19304,pg_toast,pg_toast_2604,0,0,0,0,0,0,0,0,0,0,0,0,0,0,,,,
1416386023.19304,pg_toast,pg_toast_12325,0,0,0,0,0,0,0,0,0,0,0,0,0,0,,,,
1416386023.19304,information_schema,sql_sizing,0,0,,,0,0,0,0,0,0,0,0,,,0,0,0,0
1416386023.19304,pg_catalog,pg_proc,0,0,169825,251799,0,0,0,0,0,0,14412,169064,6997,368950,0,0,0,0
1416386023.19304,public,time_statistics,100,6399,,,119,100,0,95,119,31,49,366,,,,,,
1416386083.1947,pg_catalog,pg_attrdef,0,0,0,0,0,0,0,0,0,0,0,0,0,0,0,0,0,0
1416386083.1947,pg_catalog,pg_db_role_setting,0,0,80648,0,0,0,0,0,0,0,0,0,244,80404,0,0,0,0
1416386083.1947,pg_catalog,pg_rowsecurity,0,0,0,0,0,0,0,0,0,0,0,0,0,0,,,,
1416386083.1947,pg_catalog,pg_description,0,0,2646,0,0,0,0,0,0,0,0,0,730,5161,0,0,0,0
1416386083.1947,pg_catalog,pg_foreign_data_wrapper,0,0,0,0,0,0,0,0,0,0,0,0,0,0,,,,
1416386083.1947,pg_catalog,pg_conversion,0,0,0,0,0,0,0,0,0,0,0,0,0,0,,,,
1416386083.1947,pg_catalog,pg_class,6102,1315034,477470,436143,1044,334,1044,323,337,41,6039,500882,4294,998605,,,,
1416386083.1947,pg_catalog,pg_opfamily,0,0,0,0,0,0,0,0,0,0,0,0,0,0,,,,
1416386083.1947,pg_catalog,pg_auth_members,0,0,0,0,0,0,0,0,0,0,0,0,0,0,,,,
1416386083.1947,public,orders,91,555390000,26605040,43475567,15090000,0,90000,0,15000000,90000,7812513,30973717,300472,80521931,,,,
1416386083.1947,pg_catalog,pg_operator,0,0,148530,778520,0,0,0,0,0,0,4090,538608,3606,321930,,,,
1416386083.1947,pg_toast,pg_toast_12345,0,0,0,0,0,0,0,0,0,0,0,0,0,0,,,,
1416386083.1947,pg_catalog,pg_attribute,1628,11100,392476,884936,3768,100,3768,100,2050,50,15067,434778,3569,819758,,,,
1416386083.1947,pg_catalog,pg_tablespace,0,0,13723,13723,0,0,0,0,0,0,397,13326,824,26682,,,,
1416386083.1947,pg_catalog,pg_statistic,0,0,108543,104480,825,2350,825,2215,467,111,10828,100721,1250,231846,26092,106002,1116,119926
1416386083.1947,pg_catalog,pg_aggregate,0,0,10347,10347,0,0,0,0,0,0,759,9588,1718,16318,,,,
1416386083.1947,public,partsupp,31,104000000,219332,10599268,8000000,0,0,0,8000000,0,2720773,10621147,149952,538696,,,,
1416386083.1947,pg_catalog,pg_inherits,0,0,599,0,0,0,0,0,0,0,0,0,254,345,,,,
1416386083.1947,pg_catalog,pg_enum,0,0,0,0,0,0,0,0,0,0,0,0,0,0,,,,
1416386083.1947,pg_toast,pg_toast_2396,0,0,0,0,0,0,0,0,0,0,0,0,0,0,,,,
1416386083.1947,pg_catalog,pg_pltemplate,0,0,0,0,0,0,0,0,0,0,0,0,0,0,,,,
1416386083.1947,public,nation,157,1450,103218,103362,25,0,0,0,25,0,16,103262,46,103297,,,,
1416386083.1947,pg_toast,pg_toast_2618,0,0,1965,6276,0,0,0,0,0,0,1152,1254,341,2827,,,,
1416386083.1947,pg_toast,pg_toast_3596,0,0,0,0,0,0,0,0,0,0,0,0,0,0,,,,
1416386083.1947,pg_toast,pg_toast_2606,0,0,0,0,0,0,0,0,0,0,0,0,0,0,,,,
1416386083.1947,pg_toast,pg_toast_2964,0,0,0,0,0,0,0,0,0,0,0,0,0,0,,,,
1416386083.1947,public,lineitem,69,1980428818,21906722,476616820,60345378,0,359691,0,59985736,359691,45881524,118334272,5239657,92500158,,,,
1416386083.1947,pg_toast,pg_toast_12330,0,0,0,0,0,0,0,0,0,0,0,0,0,0,,,,
1416386083.1947,pg_catalog,pg_database,1488,5706,65569,65569,0,0,0,0,0,0,178,66879,1089,104763,,,,
1416386083.1947,information_schema,sql_sizing_profiles,0,0,,,0,0,0,0,0,0,0,0,,,0,0,0,0
1416386083.1947,pg_toast,pg_toast_2620,0,0,0,0,0,0,0,0,0,0,0,0,0,0,,,,
1416386083.1947,pg_catalog,pg_depend,0,0,24839,26728,4566,0,4566,0,6685,550,4501,31924,6314,64593,,,,
1416386083.1947,pg_catalog,pg_language,0,0,0,0,0,0,0,0,0,0,0,0,0,0,,,,
1416386083.1947,public,region,25713,128365,114,114,5,0,0,0,5,0,13,25776,27,131,,,,
1416386083.1947,pg_toast,pg_toast_12320,0,0,0,0,0,0,0,0,0,0,0,0,0,0,,,,
1416386083.1947,pg_catalog,pg_amproc,296,592,84624,133302,0,0,0,0,0,0,410,83235,760,188096,,,,
1416386083.1947,public,supplier,51,1900000,16554480,17059971,100000,0,0,0,100000,0,17272,16635436,1663,33199971,,,,
1416386083.1947,pg_catalog,pg_collation,0,0,0,0,0,0,0,0,0,0,0,0,0,0,,,,
1416386083.1947,pg_catalog,pg_range,0,0,4609,0,0,0,0,0,0,0,0,0,1814,7404,,,,
1416386083.1947,pg_toast,pg_toast_2609,0,0,0,0,0,0,0,0,0,0,0,0,0,0,,,,
1416386083.1947,pg_catalog,pg_opclass,296,296,116653,1310996,0,0,0,0,0,0,919,520354,1845,142560,,,,
1416386083.1947,information_schema,sql_packages,0,0,,,0,0,0,0,0,0,0,0,,,0,0,0,0
1416386083.1947,pg_catalog,pg_rewrite,0,0,4731,3729,334,0,334,0,110,4,2401,4216,1089,6983,1152,1254,682,5654
1416386083.1947,pg_toast,pg_toast_1255,0,0,0,0,0,0,0,0,0,0,0,0,0,0,,,,
1416386083.1947,pg_catalog,pg_seclabel,0,0,2646,0,0,0,0,0,0,0,0,0,238,2408,0,0,0,0
1416386083.1947,pg_toast,pg_toast_12335,0,0,0,0,0,0,0,0,0,0,0,0,0,0,,,,
1416386083.1947,pg_catalog,pg_ts_parser,0,0,0,0,0,0,0,0,0,0,0,0,0,0,,,,
1416386083.1947,pg_catalog,pg_trigger,0,0,0,0,0,0,0,0,0,0,0,0,0,0,0,0,0,0
1416386083.1947,pg_toast,pg_toast_12340,0,0,0,0,0,0,0,0,0,0,0,0,0,0,,,,
1416386083.1947,pg_catalog,pg_shseclabel,0,0,0,0,0,0,0,0,0,0,0,0,0,0,,,,
1416386083.1947,pg_catalog,pg_event_trigger,0,0,979,0,0,0,0,0,0,0,0,0,275,704,,,,
1416386083.1947,information_schema,sql_features,0,0,,,0,0,0,0,0,0,0,0,,,0,0,0,0
1416386083.1947,information_schema,sql_languages,0,0,,,0,0,0,0,0,0,0,0,,,0,0,0,0
1416386083.1947,pg_catalog,pg_foreign_table,0,0,0,0,0,0,0,0,0,0,0,0,0,0,,,,
1416386083.1947,pg_catalog,pg_extension,0,0,0,0,0,0,0,0,0,0,0,0,0,0,,,,
1416386083.1947,pg_catalog,pg_ts_config,0,0,0,0,0,0,0,0,0,0,0,0,0,0,,,,
1416386083.1947,pg_catalog,pg_shdescription,0,0,0,0,0,0,0,0,0,0,0,0,0,0,0,0,0,0
1416386083.1947,pg_catalog,pg_cast,0,0,645912,153439,0,0,0,0,0,0,870,152569,533,663865,,,,
1416386083.1947,pg_catalog,pg_amop,0,0,173538,252636,0,0,0,0,0,0,1279,251357,2801,367042,,,,
1416386083.1947,pg_catalog,pg_user_mapping,0,0,0,0,0,0,0,0,0,0,0,0,0,0,,,,
1416386083.1947,pg_toast,pg_toast_12315,0,0,0,0,0,0,0,0,0,0,0,0,0,0,,,,
1416386083.1947,pg_catalog,pg_type,0,0,456791,452305,1188,0,1188,0,360,69,3023,454573,4416,938753,,,,
1416386083.1947,pg_catalog,pg_largeobject,0,0,0,0,0,0,0,0,0,0,0,0,0,0,,,,
1416386083.1947,information_schema,sql_parts,0,0,,,0,0,0,0,0,0,0,0,,,0,0,0,0
1416386083.1947,pg_catalog,pg_ts_config_map,0,0,0,0,0,0,0,0,0,0,0,0,0,0,,,,
1416386083.1947,pg_catalog,pg_largeobject_metadata,0,0,0,0,0,0,0,0,0,0,0,0,0,0,,,,
1416386083.1947,pg_catalog,pg_am,20053,20053,0,0,0,0,0,0,0,0,283,19770,0,0,,,,
1416386083.1947,pg_catalog,pg_ts_template,0,0,0,0,0,0,0,0,0,0,0,0,0,0,,,,
1416386083.1947,pg_catalog,pg_foreign_server,0,0,0,0,0,0,0,0,0,0,0,0,0,0,,,,
1416386083.1947,pg_catalog,pg_namespace,822,69620,107297,88275,2,0,0,0,2,0,450,89472,1299,126474,,,,
1416386083.1947,pg_toast,pg_toast_2619,0,0,80860,270088,3084,0,2846,0,261,28,26092,106002,1116,119926,,,,
1416386083.1947,pg_catalog,pg_authid,463,463,38320,38320,0,0,0,0,0,0,243,38540,1122,75518,,,,
1416386083.1947,pg_catalog,pg_default_acl,0,0,2396,0,0,0,0,0,0,0,0,0,252,2144,,,,
1416386083.1947,pg_catalog,pg_shdepend,0,0,3247,601,0,0,0,0,0,0,275,326,1042,3403,,,,
1416386083.1947,public,part,35,34000000,503,9812677,2000000,0,0,0,2000000,0,797480,602839,35091,6448,,,,
1416386083.1947,public,customer,58,33000000,527,7959364,1500000,0,0,0,1500000,0,764975,2545689,23570,1642,,,,
1416386083.1947,pg_catalog,pg_constraint,0,0,160,80,80,0,80,0,10,40,43,449,80,804,0,0,0,0
1416386083.1947,information_schema,sql_implementation_info,0,0,,,0,0,0,0,0,0,0,0,,,0,0,0,0
1416386083.1947,pg_catalog,pg_index,2917,265221,216317,307256,445,0,445,0,143,41,2591,310525,1411,247458,,,,
1416386083.1947,pg_catalog,pg_ts_dict,0,0,0,0,0,0,0,0,0,0,0,0,0,0,,,,
1416386083.1947,pg_toast,pg_toast_2604,0,0,0,0,0,0,0,0,0,0,0,0,0,0,,,,
1416386083.1947,pg_toast,pg_toast_12325,0,0,0,0,0,0,0,0,0,0,0,0,0,0,,,,
1416386083.1947,information_schema,sql_sizing,0,0,,,0,0,0,0,0,0,0,0,,,0,0,0,0
1416386083.1947,pg_catalog,pg_proc,0,0,170546,252822,0,0,0,0,0,0,14512,169738,7044,370544,0,0,0,0
1416386083.1947,public,time_statistics,132,10699,,,151,132,0,127,151,63,66,541,,,,,,
1416386143.19716,pg_catalog,pg_attrdef,0,0,0,0,0,0,0,0,0,0,0,0,0,0,0,0,0,0
1416386143.19716,pg_catalog,pg_db_role_setting,0,0,80896,0,0,0,0,0,0,0,0,0,245,80651,0,0,0,0
1416386143.19716,pg_catalog,pg_rowsecurity,0,0,0,0,0,0,0,0,0,0,0,0,0,0,,,,
1416386143.19716,pg_catalog,pg_description,0,0,2650,0,0,0,0,0,0,0,0,0,733,5167,0,0,0,0
1416386143.19716,pg_catalog,pg_foreign_data_wrapper,0,0,0,0,0,0,0,0,0,0,0,0,0,0,,,,
1416386143.19716,pg_catalog,pg_conversion,0,0,0,0,0,0,0,0,0,0,0,0,0,0,,,,
1416386143.19716,pg_catalog,pg_class,6112,1318084,478627,437201,1046,334,1046,323,337,43,6068,502052,4311,1001040,,,,
1416386143.19716,pg_catalog,pg_opfamily,0,0,0,0,0,0,0,0,0,0,0,0,0,0,,,,
1416386143.19716,pg_catalog,pg_auth_members,0,0,0,0,0,0,0,0,0,0,0,0,0,0,,,,
1416386143.19716,public,orders,98,660465000,27002077,45300555,15120000,0,105000,0,15015000,105000,8397402,32997209,313391,81981403,,,,
1416386143.19716,pg_catalog,pg_operator,0,0,148854,780652,0,0,0,0,0,0,4117,540011,3626,322637,,,,
1416386143.19716,pg_toast,pg_toast_12345,0,0,0,0,0,0,0,0,0,0,0,0,0,0,,,,
1416386143.19716,pg_catalog,pg_attribute,1628,11100,393374,886919,3776,100,3776,100,2050,58,15122,435703,3584,821635,,,,
1416386143.19716,pg_catalog,pg_tablespace,0,0,13761,13761,0,0,0,0,0,0,400,13361,830,26752,,,,
1416386143.19716,pg_catalog,pg_statistic,0,0,108789,104719,826,2353,826,2218,467,115,10877,100919,1257,232372,26221,106139,1121,120263
1416386143.19716,pg_catalog,pg_aggregate,0,0,10366,10366,0,0,0,0,0,0,763,9603,1727,16343,,,,
1416386143.19716,public,partsupp,31,104000000,267471,12315652,8000000,0,0,0,8000000,0,2901734,12075617,184059,653880,,,,
1416386143.19716,pg_catalog,pg_inherits,0,0,600,0,0,0,0,0,0,0,0,0,255,345,,,,
1416386143.19716,pg_catalog,pg_enum,0,0,0,0,0,0,0,0,0,0,0,0,0,0,,,,
1416386143.19716,pg_toast,pg_toast_2396,0,0,0,0,0,0,0,0,0,0,0,0,0,0,,,,
1416386143.19716,pg_catalog,pg_pltemplate,0,0,0,0,0,0,0,0,0,0,0,0,0,0,,,,
1416386143.19716,public,nation,167,1700,129122,129266,25,0,0,0,25,0,18,129174,54,129200,,,,
1416386143.19716,pg_toast,pg_toast_2618,0,0,1970,6292,0,0,0,0,0,0,1157,1255,343,2833,,,,
1416386143.19716,pg_toast,pg_toast_3596,0,0,0,0,0,0,0,0,0,0,0,0,0,0,,,,
1416386143.19716,pg_toast,pg_toast_2606,0,0,0,0,0,0,0,0,0,0,0,0,0,0,,,,
1416386143.19716,pg_toast,pg_toast_2964,0,0,0,0,0,0,0,0,0,0,0,0,0,0,,,,
1416386143.19716,public,lineitem,71,2100519438,24986361,513482323,60464756,0,420092,0,60044713,420092,49293646,124156466,6148114,106885407,,,,
1416386143.19716,pg_toast,pg_toast_12330,0,0,0,0,0,0,0,0,0,0,0,0,0,0,,,,
1416386143.19716,pg_catalog,pg_database,1491,5718,65770,65770,0,0,0,0,0,0,179,67082,1093,105084,,,,
1416386143.19716,information_schema,sql_sizing_profiles,0,0,,,0,0,0,0,0,0,0,0,,,0,0,0,0
1416386143.19716,pg_toast,pg_toast_2620,0,0,0,0,0,0,0,0,0,0,0,0,0,0,,,,
1416386143.19716,pg_catalog,pg_depend,0,0,24870,26752,4570,0,4570,0,6685,554,4513,31949,6336,64651,,,,
1416386143.19716,pg_catalog,pg_language,0,0,0,0,0,0,0,0,0,0,0,0,0,0,,,,
1416386143.19716,public,region,32183,160710,120,120,5,0,0,0,5,0,14,32250,30,136,,,,
1416386143.19716,pg_toast,pg_toast_12320,0,0,0,0,0,0,0,0,0,0,0,0,0,0,,,,
1416386143.19716,pg_catalog,pg_amproc,296,592,84841,133641,0,0,0,0,0,0,411,83445,763,188588,,,,
1416386143.19716,public,supplier,55,2200000,16604454,17113939,100000,0,0,0,100000,0,17605,16693461,1688,33300201,,,,
1416386143.19716,pg_catalog,pg_collation,0,0,0,0,0,0,0,0,0,0,0,0,0,0,,,,
1416386143.19716,pg_catalog,pg_range,0,0,4628,0,0,0,0,0,0,0,0,0,1826,7430,,,,
1416386143.19716,pg_toast,pg_toast_2609,0,0,0,0,0,0,0,0,0,0,0,0,0,0,,,,
1416386143.19716,pg_catalog,pg_opclass,296,296,116928,1313921,0,0,0,0,0,0,923,521521,1853,142906,,,,
1416386143.19716,information_schema,sql_packages,0,0,,,0,0,0,0,0,0,0,0,,,0,0,0,0
1416386143.19716,pg_catalog,pg_rewrite,0,0,4738,3736,334,0,334,0,110,4,2406,4218,1091,6993,1157,1255,686,5666
1416386143.19716,pg_toast,pg_toast_1255,0,0,0,0,0,0,0,0,0,0,0,0,0,0,,,,
1416386143.19716,pg_catalog,pg_seclabel,0,0,2650,0,0,0,0,0,0,0,0,0,239,2411,0,0,0,0
1416386143.19716,pg_toast,pg_toast_12335,0,0,0,0,0,0,0,0,0,0,0,0,0,0,,,,
1416386143.19716,pg_catalog,pg_ts_parser,0,0,0,0,0,0,0,0,0,0,0,0,0,0,,,,
1416386143.19716,pg_catalog,pg_trigger,0,0,0,0,0,0,0,0,0,0,0,0,0,0,0,0,0,0
1416386143.19716,pg_toast,pg_toast_12340,0,0,0,0,0,0,0,0,0,0,0,0,0,0,,,,
1416386143.19716,pg_catalog,pg_shseclabel,0,0,0,0,0,0,0,0,0,0,0,0,0,0,,,,
1416386143.19716,pg_catalog,pg_event_trigger,0,0,980,0,0,0,0,0,0,0,0,0,276,704,,,,
1416386143.19716,information_schema,sql_features,0,0,,,0,0,0,0,0,0,0,0,,,0,0,0,0
1416386143.19716,information_schema,sql_languages,0,0,,,0,0,0,0,0,0,0,0,,,0,0,0,0
1416386143.19716,pg_catalog,pg_foreign_table,0,0,0,0,0,0,0,0,0,0,0,0,0,0,,,,
1416386143.19716,pg_catalog,pg_extension,0,0,0,0,0,0,0,0,0,0,0,0,0,0,,,,
1416386143.19716,pg_catalog,pg_ts_config,0,0,0,0,0,0,0,0,0,0,0,0,0,0,,,,
1416386143.19716,pg_catalog,pg_shdescription,0,0,0,0,0,0,0,0,0,0,0,0,0,0,0,0,0,0
1416386143.19716,pg_catalog,pg_cast,0,0,647780,153845,0,0,0,0,0,0,876,152969,535,665788,,,,
1416386143.19716,pg_catalog,pg_amop,0,0,173938,253255,0,0,0,0,0,0,1285,251970,2812,367889,,,,
1416386143.19716,pg_catalog,pg_user_mapping,0,0,0,0,0,0,0,0,0,0,0,0,0,0,,,,
1416386143.19716,pg_toast,pg_toast_12315,0,0,0,0,0,0,0,0,0,0,0,0,0,0,,,,
1416386143.19716,pg_catalog,pg_type,0,0,458230,453734,1190,0,1190,0,360,71,3037,455995,4442,941686,,,,
1416386143.19716,pg_catalog,pg_largeobject,0,0,0,0,0,0,0,0,0,0,0,0,0,0,,,,
1416386143.19716,information_schema,sql_parts,0,0,,,0,0,0,0,0,0,0,0,,,0,0,0,0
1416386143.19716,pg_catalog,pg_ts_config_map,0,0,0,0,0,0,0,0,0,0,0,0,0,0,,,,
1416386143.19716,pg_catalog,pg_largeobject_metadata,0,0,0,0,0,0,0,0,0,0,0,0,0,0,,,,
1416386143.19716,pg_catalog,pg_am,20115,20115,0,0,0,0,0,0,0,0,284,19831,0,0,,,,
1416386143.19716,pg_catalog,pg_ts_template,0,0,0,0,0,0,0,0,0,0,0,0,0,0,,,,
1416386143.19716,pg_catalog,pg_foreign_server,0,0,0,0,0,0,0,0,0,0,0,0,0,0,,,,
1416386143.19716,pg_catalog,pg_namespace,824,69792,107611,88530,2,0,0,0,2,0,453,89728,1305,126844,,,,
1416386143.19716,pg_toast,pg_toast_2619,0,0,81020,270668,3086,0,2848,0,261,30,26221,106139,1121,120263,,,,
1416386143.19716,pg_catalog,pg_authid,464,464,38441,38441,0,0,0,0,0,0,244,38661,1126,75756,,,,
1416386143.19716,pg_catalog,pg_default_acl,0,0,2400,0,0,0,0,0,0,0,0,0,253,2147,,,,
1416386143.19716,pg_catalog,pg_shdepend,0,0,3252,602,0,0,0,0,0,0,276,326,1046,3406,,,,
1416386143.19716,public,part,36,36000000,535,11852330,2000000,0,0,0,2000000,0,898551,616266,42623,8136,,,,
1416386143.19716,public,customer,64,42000000,577,9132354,1500000,0,0,0,1500000,0,1011786,2761387,27198,1745,,,,
1416386143.19716,pg_catalog,pg_constraint,0,0,160,80,80,0,80,0,10,40,43,449,80,804,0,0,0,0
1416386143.19716,information_schema,sql_implementation_info,0,0,,,0,0,0,0,0,0,0,0,,,0,0,0,0
1416386143.19716,pg_catalog,pg_index,2922,265936,216780,307922,446,0,446,0,143,42,2600,311208,1416,248002,,,,
1416386143.19716,pg_catalog,pg_ts_dict,0,0,0,0,0,0,0,0,0,0,0,0,0,0,,,,
1416386143.19716,pg_toast,pg_toast_2604,0,0,0,0,0,0,0,0,0,0,0,0,0,0,,,,
1416386143.19716,pg_toast,pg_toast_12325,0,0,0,0,0,0,0,0,0,0,0,0,0,0,,,,
1416386143.19716,information_schema,sql_sizing,0,0,,,0,0,0,0,0,0,0,0,,,0,0,0,0
1416386143.19716,pg_catalog,pg_proc,0,0,170991,253426,0,0,0,0,0,0,14593,170139,7078,371515,0,0,0,0
1416386143.19716,public,time_statistics,150,13569,,,169,150,0,145,169,57,90,628,,,,,,
1416386203.21046,pg_catalog,pg_attrdef,0,0,0,0,0,0,0,0,0,0,0,0,0,0,0,0,0,0
1416386203.21046,pg_catalog,pg_db_role_setting,0,0,81188,0,0,0,0,0,0,0,0,0,246,80942,0,0,0,0
1416386203.21046,pg_catalog,pg_rowsecurity,0,0,0,0,0,0,0,0,0,0,0,0,0,0,,,,
1416386203.21046,pg_catalog,pg_description,0,0,2658,0,0,0,0,0,0,0,0,0,739,5179,0,0,0,0
1416386203.21046,pg_catalog,pg_foreign_data_wrapper,0,0,0,0,0,0,0,0,0,0,0,0,0,0,,,,
1416386203.21046,pg_catalog,pg_conversion,0,0,0,0,0,0,0,0,0,0,0,0,0,0,,,,
1416386203.21046,pg_catalog,pg_class,6122,1321134,480047,438490,1049,335,1049,324,337,47,6118,503438,4337,1004028,,,,
1416386203.21046,pg_catalog,pg_opfamily,0,0,0,0,0,0,0,0,0,0,0,0,0,0,,,,
1416386203.21046,pg_catalog,pg_auth_members,0,0,0,0,0,0,0,0,0,0,0,0,0,0,,,,
1416386203.21046,public,orders,105,765555000,33918861,55373277,15135000,0,120000,0,15015000,120000,10015718,40535950,376388,102851663,,,,
1416386203.21046,pg_catalog,pg_operator,0,0,149297,783656,0,0,0,0,0,0,4152,542006,3649,323604,,,,
1416386203.21046,pg_toast,pg_toast_12345,0,0,0,0,0,0,0,0,0,0,0,0,0,0,,,,
1416386203.21046,pg_catalog,pg_attribute,1628,11100,394547,889491,3786,100,3786,100,2050,68,15228,436874,3604,824080,,,,
1416386203.21046,pg_catalog,pg_tablespace,0,0,13808,13808,0,0,0,0,0,0,402,13406,834,26842,,,,
1416386203.21046,pg_catalog,pg_statistic,0,0,109155,105077,827,2383,827,2248,467,133,10949,101240,1265,233148,26392,106358,1132,120769
1416386203.21046,pg_catalog,pg_aggregate,0,0,10393,10393,0,0,0,0,0,0,770,9623,1743,16375,,,,
1416386203.21046,public,partsupp,34,128000000,323471,14658738,8000000,0,0,0,8000000,0,3509336,14242965,222542,789979,,,,
1416386203.21046,pg_catalog,pg_inherits,0,0,602,0,0,0,0,0,0,0,0,0,257,345,,,,
1416386203.21046,pg_catalog,pg_enum,0,0,0,0,0,0,0,0,0,0,0,0,0,0,,,,
1416386203.21046,pg_toast,pg_toast_2396,0,0,0,0,0,0,0,0,0,0,0,0,0,0,,,,
1416386203.21046,pg_catalog,pg_pltemplate,0,0,0,0,0,0,0,0,0,0,0,0,0,0,,,,
1416386203.21046,public,nation,177,1950,155163,155331,25,0,0,0,25,0,20,155223,63,155241,,,,
1416386203.21046,pg_toast,pg_toast_2618,0,0,1975,6308,0,0,0,0,0,0,1162,1256,345,2839,,,,
1416386203.21046,pg_toast,pg_toast_3596,0,0,0,0,0,0,0,0,0,0,0,0,0,0,,,,
1416386203.21046,pg_toast,pg_toast_2606,0,0,0,0,0,0,0,0,0,0,0,0,0,0,,,,
1416386203.21046,pg_toast,pg_toast_2964,0,0,0,0,0,0,0,0,0,0,0,0,0,0,,,,
1416386203.21046,public,lineitem,80,2640807206,26420605,594842347,60524319,0,480237,0,60044131,480237,58449020,160000210,6763871,113713930,,,,
1416386203.21046,pg_toast,pg_toast_12330,0,0,0,0,0,0,0,0,0,0,0,0,0,0,,,,
1416386203.21046,pg_catalog,pg_database,1494,5730,66005,66005,0,0,0,0,0,0,180,67319,1097,105461,,,,
1416386203.21046,information_schema,sql_sizing_profiles,0,0,,,0,0,0,0,0,0,0,0,,,0,0,0,0
1416386203.21046,pg_toast,pg_toast_2620,0,0,0,0,0,0,0,0,0,0,0,0,0,0,,,,
1416386203.21046,pg_catalog,pg_depend,0,0,24945,26828,4583,0,4583,0,6685,567,4541,32022,6386,64807,,,,
1416386203.21046,pg_catalog,pg_language,0,0,0,0,0,0,0,0,0,0,0,0,0,0,,,,
1416386203.21046,public,region,38688,193230,128,128,5,0,0,0,5,0,16,38760,36,141,,,,
1416386203.21046,pg_toast,pg_toast_12320,0,0,0,0,0,0,0,0,0,0,0,0,0,0,,,,
1416386203.21046,pg_catalog,pg_amproc,296,592,85139,134086,0,0,0,0,0,0,412,83732,766,189256,,,,
1416386203.21046,public,supplier,58,2400000,23174529,23749889,100000,0,0,0,100000,0,17610,23274817,2007,46475836,,,,
1416386203.21046,pg_catalog,pg_collation,0,0,0,0,0,0,0,0,0,0,0,0,0,0,,,,
1416386203.21046,pg_catalog,pg_range,0,0,4652,0,0,0,0,0,0,0,0,0,1836,7468,,,,
1416386203.21046,pg_toast,pg_toast_2609,0,0,0,0,0,0,0,0,0,0,0,0,0,0,,,,
1416386203.21046,pg_catalog,pg_opclass,296,296,117326,1318895,0,0,0,0,0,0,928,523450,1864,143392,,,,
1416386203.21046,information_schema,sql_packages,0,0,,,0,0,0,0,0,0,0,0,,,0,0,0,0
1416386203.21046,pg_catalog,pg_rewrite,0,0,4751,3746,335,0,335,0,110,5,2417,4224,1099,7007,1162,1256,690,5678
1416386203.21046,pg_toast,pg_toast_1255,0,0,0,0,0,0,0,0,0,0,0,0,0,0,,,,
1416386203.21046,pg_catalog,pg_seclabel,0,0,2658,0,0,0,0,0,0,0,0,0,241,2417,0,0,0,0
1416386203.21046,pg_toast,pg_toast_12335,0,0,0,0,0,0,0,0,0,0,0,0,0,0,,,,
1416386203.21046,pg_catalog,pg_ts_parser,0,0,0,0,0,0,0,0,0,0,0,0,0,0,,,,
1416386203.21046,pg_catalog,pg_trigger,0,0,0,0,0,0,0,0,0,0,0,0,0,0,0,0,0,0
1416386203.21046,pg_toast,pg_toast_12340,0,0,0,0,0,0,0,0,0,0,0,0,0,0,,,,
1416386203.21046,pg_catalog,pg_shseclabel,0,0,0,0,0,0,0,0,0,0,0,0,0,0,,,,
1416386203.21046,pg_catalog,pg_event_trigger,0,0,982,0,0,0,0,0,0,0,0,0,278,704,,,,
1416386203.21046,information_schema,sql_features,0,0,,,0,0,0,0,0,0,0,0,,,0,0,0,0
1416386203.21046,information_schema,sql_languages,0,0,,,0,0,0,0,0,0,0,0,,,0,0,0,0
1416386203.21046,pg_catalog,pg_foreign_table,0,0,0,0,0,0,0,0,0,0,0,0,0,0,,,,
1416386203.21046,pg_catalog,pg_extension,0,0,0,0,0,0,0,0,0,0,0,0,0,0,,,,
1416386203.21046,pg_catalog,pg_ts_config,0,0,0,0,0,0,0,0,0,0,0,0,0,0,,,,
1416386203.21046,pg_catalog,pg_shdescription,0,0,0,0,0,0,0,0,0,0,0,0,0,0,0,0,0,0
1416386203.21046,pg_catalog,pg_cast,0,0,650571,154387,0,0,0,0,0,0,879,153508,537,668650,,,,
1416386203.21046,pg_catalog,pg_amop,0,0,174493,254083,0,0,0,0,0,0,1291,252792,2829,369057,,,,
1416386203.21046,pg_catalog,pg_user_mapping,0,0,0,0,0,0,0,0,0,0,0,0,0,0,,,,
1416386203.21046,pg_toast,pg_toast_12315,0,0,0,0,0,0,0,0,0,0,0,0,0,0,,,,
1416386203.21046,pg_catalog,pg_type,0,0,460142,455633,1194,0,1194,0,360,75,3060,457899,4466,945592,,,,
1416386203.21046,pg_catalog,pg_largeobject,0,0,0,0,0,0,0,0,0,0,0,0,0,0,,,,
1416386203.21046,information_schema,sql_parts,0,0,,,0,0,0,0,0,0,0,0,,,0,0,0,0
1416386203.21046,pg_catalog,pg_ts_config_map,0,0,0,0,0,0,0,0,0,0,0,0,0,0,,,,
1416386203.21046,pg_catalog,pg_largeobject_metadata,0,0,0,0,0,0,0,0,0,0,0,0,0,0,,,,
1416386203.21046,pg_catalog,pg_am,20191,20191,0,0,0,0,0,0,0,0,285,19906,0,0,,,,
1416386203.21046,pg_catalog,pg_ts_template,0,0,0,0,0,0,0,0,0,0,0,0,0,0,,,,
1416386203.21046,pg_catalog,pg_foreign_server,0,0,0,0,0,0,0,0,0,0,0,0,0,0,,,,
1416386203.21046,pg_catalog,pg_namespace,826,69964,107969,88814,2,0,0,0,2,0,456,90013,1313,127272,,,,
1416386203.21046,pg_toast,pg_toast_2619,0,0,81262,271509,3090,0,2852,0,261,34,26392,106358,1132,120769,,,,
1416386203.21046,pg_catalog,pg_authid,465,465,38584,38584,0,0,0,0,0,0,245,38804,1130,76038,,,,
1416386203.21046,pg_catalog,pg_default_acl,0,0,2408,0,0,0,0,0,0,0,0,0,255,2153,,,,
1416386203.21046,pg_catalog,pg_shdepend,0,0,3262,604,0,0,0,0,0,0,278,326,1054,3412,,,,
1416386203.21046,public,part,38,40000000,590,14217633,2000000,0,0,0,2000000,0,1045938,668903,50177,9122,,,,
1416386203.21046,public,customer,69,49500000,636,10604897,1500000,0,0,0,1500000,0,1188290,3157536,31652,1867,,,,
1416386203.21046,pg_catalog,pg_constraint,0,0,160,80,80,0,80,0,10,40,43,449,80,804,0,0,0,0
1416386203.21046,information_schema,sql_implementation_info,0,0,,,0,0,0,0,0,0,0,0,,,0,0,0,0
1416386203.21046,pg_catalog,pg_index,2927,266651,217385,308795,447,0,447,0,143,43,2618,312080,1426,248702,,,,
1416386203.21046,pg_catalog,pg_ts_dict,0,0,0,0,0,0,0,0,0,0,0,0,0,0,,,,
1416386203.21046,pg_toast,pg_toast_2604,0,0,0,0,0,0,0,0,0,0,0,0,0,0,,,,
1416386203.21046,pg_toast,pg_toast_12325,0,0,0,0,0,0,0,0,0,0,0,0,0,0,,,,
1416386203.21046,information_schema,sql_sizing,0,0,,,0,0,0,0,0,0,0,0,,,0,0,0,0
1416386203.21046,pg_catalog,pg_proc,0,0,171552,254227,0,0,0,0,0,0,14691,170640,7119,372742,0,0,0,0
1416386203.21046,public,time_statistics,173,17708,,,192,173,0,164,192,53,114,775,,,,,,
1416386263.2124,pg_catalog,pg_attrdef,0,0,0,0,0,0,0,0,0,0,0,0,0,0,0,0,0,0
1416386263.2124,pg_catalog,pg_db_role_setting,0,0,81464,0,0,0,0,0,0,0,0,0,248,81216,0,0,0,0
1416386263.2124,pg_catalog,pg_rowsecurity,0,0,0,0,0,0,0,0,0,0,0,0,0,0,,,,
1416386263.2124,pg_catalog,pg_description,0,0,2662,0,0,0,0,0,0,0,0,0,742,5185,0,0,0,0
1416386263.2124,pg_catalog,pg_foreign_data_wrapper,0,0,0,0,0,0,0,0,0,0,0,0,0,0,,,,
1416386263.2124,pg_catalog,pg_conversion,0,0,0,0,0,0,0,0,0,0,0,0,0,0,,,,
1416386263.2124,pg_catalog,pg_class,6132,1324184,481396,439716,1051,335,1051,324,337,49,6158,504765,4356,1006867,,,,
1416386263.2124,pg_catalog,pg_opfamily,0,0,0,0,0,0,0,0,0,0,0,0,0,0,,,,
1416386263.2124,pg_catalog,pg_auth_members,0,0,0,0,0,0,0,0,0,0,0,0,0,0,,,,
1416386263.2124,public,orders,111,855615000,40226730,67949625,15135000,0,135000,0,15000000,135000,11817541,47791006,410219,121793800,,,,
1416386263.2124,pg_catalog,pg_operator,0,0,149721,786372,0,0,0,0,0,0,4161,543825,3668,324534,,,,
1416386263.2124,pg_toast,pg_toast_12345,0,0,0,0,0,0,0,0,0,0,0,0,0,0,,,,
1416386263.2124,pg_catalog,pg_attribute,1628,11100,395646,891882,3794,100,3794,100,2050,76,15293,438000,3617,826371,,,,
1416386263.2124,pg_catalog,pg_tablespace,0,0,13856,13856,0,0,0,0,0,0,403,13453,836,26936,,,,
1416386263.2124,pg_catalog,pg_statistic,0,0,109497,105412,828,2386,828,2250,467,129,11006,101533,1270,233882,26536,106579,1139,121239
1416386263.2124,pg_catalog,pg_aggregate,0,0,10429,10429,0,0,0,0,0,0,773,9656,1751,16425,,,,
1416386263.2124,public,partsupp,35,136000000,398106,17987570,8000000,0,0,0,8000000,0,3780384,17371678,265062,980802,,,,
1416386263.2124,pg_catalog,pg_inherits,0,0,603,0,0,0,0,0,0,0,0,0,258,345,,,,
1416386263.2124,pg_catalog,pg_enum,0,0,0,0,0,0,0,0,0,0,0,0,0,0,,,,
1416386263.2124,pg_toast,pg_toast_2396,0,0,0,0,0,0,0,0,0,0,0,0,0,0,,,,
1416386263.2124,pg_catalog,pg_pltemplate,0,0,0,0,0,0,0,0,0,0,0,0,0,0,,,,
1416386263.2124,public,nation,187,2200,206613,206829,25,0,0,0,25,0,20,206683,71,206694,,,,
1416386263.2124,pg_toast,pg_toast_2618,0,0,1980,6324,0,0,0,0,0,0,1167,1257,347,2845,,,,
1416386263.2124,pg_toast,pg_toast_3596,0,0,0,0,0,0,0,0,0,0,0,0,0,0,,,,
1416386263.2124,pg_toast,pg_toast_2606,0,0,0,0,0,0,0,0,0,0,0,0,0,0,,,,
1416386263.2124,pg_toast,pg_toast_2964,0,0,0,0,0,0,0,0,0,0,0,0,0,0,,,,
1416386263.2124,public,lineitem,84,2880985280,32537912,732519636,60524319,0,540397,0,59983971,540397,64996172,184151933,7901225,137487027,,,,
1416386263.2124,pg_toast,pg_toast_12330,0,0,0,0,0,0,0,0,0,0,0,0,0,0,,,,
1416386263.2124,pg_catalog,pg_database,1497,5742,66228,66228,0,0,0,0,0,0,182,67543,1105,105814,,,,
1416386263.2124,information_schema,sql_sizing_profiles,0,0,,,0,0,0,0,0,0,0,0,,,0,0,0,0
1416386263.2124,pg_toast,pg_toast_2620,0,0,0,0,0,0,0,0,0,0,0,0,0,0,,,,
1416386263.2124,pg_catalog,pg_depend,0,0,24976,26852,4587,0,4587,0,6685,571,4545,32055,6395,64878,,,,
1416386263.2124,pg_catalog,pg_language,0,0,0,0,0,0,0,0,0,0,0,0,0,0,,,,
1416386263.2124,public,region,51543,257495,140,140,5,0,0,0,5,0,18,51623,40,153,,,,
1416386263.2124,pg_toast,pg_toast_12320,0,0,0,0,0,0,0,0,0,0,0,0,0,0,,,,
1416386263.2124,pg_catalog,pg_amproc,296,592,85416,134502,0,0,0,0,0,0,414,83994,772,189875,,,,
1416386263.2124,public,supplier,65,2900000,26486759,27074207,100000,0,0,0,100000,0,17610,26603460,2056,53118329,,,,
1416386263.2124,pg_catalog,pg_collation,0,0,0,0,0,0,0,0,0,0,0,0,0,0,,,,
1416386263.2124,pg_catalog,pg_range,0,0,4675,0,0,0,0,0,0,0,0,0,1848,7502,,,,
1416386263.2124,pg_toast,pg_toast_2609,0,0,0,0,0,0,0,0,0,0,0,0,0,0,,,,
1416386263.2124,pg_catalog,pg_opclass,296,296,117674,1322784,0,0,0,0,0,0,934,524996,1875,143825,,,,
1416386263.2124,information_schema,sql_packages,0,0,,,0,0,0,0,0,0,0,0,,,0,0,0,0
1416386263.2124,pg_catalog,pg_rewrite,0,0,4758,3753,335,0,335,0,110,5,2422,4226,1100,7018,1167,1257,694,5690
1416386263.2124,pg_toast,pg_toast_1255,0,0,0,0,0,0,0,0,0,0,0,0,0,0,,,,
1416386263.2124,pg_catalog,pg_seclabel,0,0,2662,0,0,0,0,0,0,0,0,0,242,2420,0,0,0,0
1416386263.2124,pg_toast,pg_toast_12335,0,0,0,0,0,0,0,0,0,0,0,0,0,0,,,,
1416386263.2124,pg_catalog,pg_ts_parser,0,0,0,0,0,0,0,0,0,0,0,0,0,0,,,,
1416386263.2124,pg_catalog,pg_trigger,0,0,0,0,0,0,0,0,0,0,0,0,0,0,0,0,0,0
1416386263.2124,pg_toast,pg_toast_12340,0,0,0,0,0,0,0,0,0,0,0,0,0,0,,,,
1416386263.2124,pg_catalog,pg_shseclabel,0,0,0,0,0,0,0,0,0,0,0,0,0,0,,,,
1416386263.2124,pg_catalog,pg_event_trigger,0,0,983,0,0,0,0,0,0,0,0,0,278,705,,,,
1416386263.2124,information_schema,sql_features,0,0,,,0,0,0,0,0,0,0,0,,,0,0,0,0
1416386263.2124,information_schema,sql_languages,0,0,,,0,0,0,0,0,0,0,0,,,0,0,0,0
1416386263.2124,pg_catalog,pg_foreign_table,0,0,0,0,0,0,0,0,0,0,0,0,0,0,,,,
1416386263.2124,pg_catalog,pg_extension,0,0,0,0,0,0,0,0,0,0,0,0,0,0,,,,
1416386263.2124,pg_catalog,pg_ts_config,0,0,0,0,0,0,0,0,0,0,0,0,0,0,,,,
1416386263.2124,pg_catalog,pg_shdescription,0,0,0,0,0,0,0,0,0,0,0,0,0,0,0,0,0,0
1416386263.2124,pg_catalog,pg_cast,0,0,652777,154864,0,0,0,0,0,0,885,153979,541,670924,,,,
1416386263.2124,pg_catalog,pg_amop,0,0,175017,254883,0,0,0,0,0,0,1299,253584,2849,370162,,,,
1416386263.2124,pg_catalog,pg_user_mapping,0,0,0,0,0,0,0,0,0,0,0,0,0,0,,,,
1416386263.2124,pg_toast,pg_toast_12315,0,0,0,0,0,0,0,0,0,0,0,0,0,0,,,,
1416386263.2124,pg_catalog,pg_type,0,0,461889,457372,1196,0,1196,0,360,77,3070,459635,4485,949162,,,,
1416386263.2124,pg_catalog,pg_largeobject,0,0,0,0,0,0,0,0,0,0,0,0,0,0,,,,
1416386263.2124,information_schema,sql_parts,0,0,,,0,0,0,0,0,0,0,0,,,0,0,0,0
1416386263.2124,pg_catalog,pg_ts_config_map,0,0,0,0,0,0,0,0,0,0,0,0,0,0,,,,
1416386263.2124,pg_catalog,pg_largeobject_metadata,0,0,0,0,0,0,0,0,0,0,0,0,0,0,,,,
1416386263.2124,pg_catalog,pg_am,20263,20263,0,0,0,0,0,0,0,0,287,19976,0,0,,,,
1416386263.2124,pg_catalog,pg_ts_template,0,0,0,0,0,0,0,0,0,0,0,0,0,0,,,,
1416386263.2124,pg_catalog,pg_foreign_server,0,0,0,0,0,0,0,0,0,0,0,0,0,0,,,,
1416386263.2124,pg_catalog,pg_namespace,828,70136,108319,89093,2,0,0,0,2,0,460,90292,1321,127688,,,,
1416386263.2124,pg_toast,pg_toast_2619,0,0,81486,272309,3092,0,2854,0,261,36,26536,106579,1139,121239,,,,
1416386263.2124,pg_catalog,pg_authid,466,466,38719,38719,0,0,0,0,0,0,247,38938,1138,76300,,,,
1416386263.2124,pg_catalog,pg_default_acl,0,0,2412,0,0,0,0,0,0,0,0,0,255,2157,,,,
1416386263.2124,pg_catalog,pg_shdepend,0,0,3267,605,0,0,0,0,0,0,278,327,1056,3417,,,,
1416386263.2124,public,part,39,42000000,630,18252046,2000000,0,0,0,2000000,0,1115684,750457,57101,15218,,,,
1416386263.2124,public,customer,74,57000000,686,11778333,1500000,0,0,0,1500000,0,1369319,3514088,34956,1959,,,,
1416386263.2124,pg_catalog,pg_constraint,0,0,160,80,80,0,80,0,10,40,43,449,80,804,0,0,0,0
1416386263.2124,information_schema,sql_implementation_info,0,0,,,0,0,0,0,0,0,0,0,,,0,0,0,0
1416386263.2124,pg_catalog,pg_index,2932,267366,217951,309604,448,0,448,0,143,44,2634,312895,1435,249360,,,,
1416386263.2124,pg_catalog,pg_ts_dict,0,0,0,0,0,0,0,0,0,0,0,0,0,0,,,,
1416386263.2124,pg_toast,pg_toast_2604,0,0,0,0,0,0,0,0,0,0,0,0,0,0,,,,
1416386263.2124,pg_toast,pg_toast_12325,0,0,0,0,0,0,0,0,0,0,0,0,0,0,,,,
1416386263.2124,information_schema,sql_sizing,0,0,,,0,0,0,0,0,0,0,0,,,0,0,0,0
1416386263.2124,pg_catalog,pg_proc,0,0,172114,255018,0,0,0,0,0,0,14778,171150,7162,373964,0,0,0,0
1416386263.2124,public,time_statistics,196,22343,,,213,196,0,187,213,76,140,910,,,,,,
1416386323.21421,pg_catalog,pg_attrdef,0,0,0,0,0,0,0,0,0,0,0,0,0,0,0,0,0,0
1416386323.21421,pg_catalog,pg_db_role_setting,0,0,81764,0,0,0,0,0,0,0,0,0,248,81516,0,0,0,0
1416386323.21421,pg_catalog,pg_rowsecurity,0,0,0,0,0,0,0,0,0,0,0,0,0,0,,,,
1416386323.21421,pg_catalog,pg_description,0,0,2666,0,0,0,0,0,0,0,0,0,745,5191,0,0,0,0
1416386323.21421,pg_catalog,pg_foreign_data_wrapper,0,0,0,0,0,0,0,0,0,0,0,0,0,0,,,,
1416386323.21421,pg_catalog,pg_conversion,0,0,0,0,0,0,0,0,0,0,0,0,0,0,,,,
1416386323.21421,pg_catalog,pg_class,6142,1327234,482659,440869,1052,336,1052,325,337,51,6190,506024,4375,1009528,,,,
1416386323.21421,pg_catalog,pg_opfamily,0,0,0,0,0,0,0,0,0,0,0,0,0,0,,,,
1416386323.21421,pg_catalog,pg_auth_members,0,0,0,0,0,0,0,0,0,0,0,0,0,0,,,,
1416386323.21421,public,orders,119,975615000,40226744,67949639,15135000,0,135000,0,15000000,135000,12610325,49042620,410225,121793860,,,,
1416386323.21421,pg_catalog,pg_operator,0,0,150175,789214,0,0,0,0,0,0,4175,545751,3678,325535,,,,
1416386323.21421,pg_toast,pg_toast_12345,0,0,0,0,0,0,0,0,0,0,0,0,0,0,,,,
1416386323.21421,pg_catalog,pg_attribute,1628,11100,396651,894071,3796,100,3796,100,2050,78,15347,439031,3633,828447,,,,
1416386323.21421,pg_catalog,pg_tablespace,0,0,13908,13908,0,0,0,0,0,0,403,13505,836,27040,,,,
1416386323.21421,pg_catalog,pg_statistic,0,0,109790,105698,828,2386,828,2250,467,129,11060,101765,1275,234513,26670,106766,1142,121665
1416386323.21421,pg_catalog,pg_aggregate,0,0,10458,10458,0,0,0,0,0,0,776,9682,1758,16470,,,,
1416386323.21421,public,partsupp,38,160000000,483505,21054932,8000000,0,0,0,8000000,0,4401295,20188190,323113,1187851,,,,
1416386323.21421,pg_catalog,pg_inherits,0,0,604,0,0,0,0,0,0,0,0,0,259,345,,,,
1416386323.21421,pg_catalog,pg_enum,0,0,0,0,0,0,0,0,0,0,0,0,0,0,,,,
1416386323.21421,pg_toast,pg_toast_2396,0,0,0,0,0,0,0,0,0,0,0,0,0,0,,,,
1416386323.21421,pg_catalog,pg_pltemplate,0,0,0,0,0,0,0,0,0,0,0,0,0,0,,,,
1416386323.21421,public,nation,196,2425,231577,231793,25,0,0,0,25,0,21,231655,79,231656,,,,
1416386323.21421,pg_toast,pg_toast_2618,0,0,1985,6340,0,0,0,0,0,0,1172,1258,349,2851,,,,
1416386323.21421,pg_toast,pg_toast_3596,0,0,0,0,0,0,0,0,0,0,0,0,0,0,,,,
1416386323.21421,pg_toast,pg_toast_2606,0,0,0,0,0,0,0,0,0,0,0,0,0,0,,,,
1416386323.21421,pg_toast,pg_toast_2964,0,0,0,0,0,0,0,0,0,0,0,0,0,0,,,,
1416386323.21421,public,lineitem,88,3120920968,33924964,761568446,60524319,0,540397,0,59983971,540397,69406667,193987351,8252849,142795855,,,,
1416386323.21421,pg_toast,pg_toast_12330,0,0,0,0,0,0,0,0,0,0,0,0,0,0,,,,
1416386323.21421,pg_catalog,pg_database,1500,5754,66468,66468,0,0,0,0,0,0,182,67786,1105,106204,,,,
1416386323.21421,information_schema,sql_sizing_profiles,0,0,,,0,0,0,0,0,0,0,0,,,0,0,0,0
1416386323.21421,pg_toast,pg_toast_2620,0,0,0,0,0,0,0,0,0,0,0,0,0,0,,,,
1416386323.21421,pg_catalog,pg_depend,0,0,25020,26904,4596,0,4596,0,6685,580,4561,32101,6423,64976,,,,
1416386323.21421,pg_catalog,pg_language,0,0,0,0,0,0,0,0,0,0,0,0,0,0,,,,
1416386323.21421,public,region,57779,288670,144,144,5,0,0,0,5,0,19,57861,42,156,,,,
1416386323.21421,pg_toast,pg_toast_12320,0,0,0,0,0,0,0,0,0,0,0,0,0,0,,,,
1416386323.21421,pg_catalog,pg_amproc,296,592,85685,134910,0,0,0,0,0,0,415,84254,775,190481,,,,
1416386323.21421,public,supplier,68,3100000,26511737,27196370,100000,0,0,0,100000,0,17610,26645794,2154,53168577,,,,
1416386323.21421,pg_catalog,pg_collation,0,0,0,0,0,0,0,0,0,0,0,0,0,0,,,,
1416386323.21421,pg_catalog,pg_range,0,0,4698,0,0,0,0,0,0,0,0,0,1862,7534,,,,
1416386323.21421,pg_toast,pg_toast_2609,0,0,0,0,0,0,0,0,0,0,0,0,0,0,,,,
1416386323.21421,pg_catalog,pg_opclass,296,296,118011,1326571,0,0,0,0,0,0,935,526516,1882,144247,,,,
1416386323.21421,information_schema,sql_packages,0,0,,,0,0,0,0,0,0,0,0,,,0,0,0,0
1416386323.21421,pg_catalog,pg_rewrite,0,0,4771,3763,336,0,336,0,110,6,2432,4232,1108,7032,1172,1258,698,5702
1416386323.21421,pg_toast,pg_toast_1255,0,0,0,0,0,0,0,0,0,0,0,0,0,0,,,,
1416386323.21421,pg_catalog,pg_seclabel,0,0,2666,0,0,0,0,0,0,0,0,0,243,2423,0,0,0,0
1416386323.21421,pg_toast,pg_toast_12335,0,0,0,0,0,0,0,0,0,0,0,0,0,0,,,,
1416386323.21421,pg_catalog,pg_ts_parser,0,0,0,0,0,0,0,0,0,0,0,0,0,0,,,,
1416386323.21421,pg_catalog,pg_trigger,0,0,0,0,0,0,0,0,0,0,0,0,0,0,0,0,0,0
1416386323.21421,pg_toast,pg_toast_12340,0,0,0,0,0,0,0,0,0,0,0,0,0,0,,,,
1416386323.21421,pg_catalog,pg_shseclabel,0,0,0,0,0,0,0,0,0,0,0,0,0,0,,,,
1416386323.21421,pg_catalog,pg_event_trigger,0,0,984,0,0,0,0,0,0,0,0,0,279,705,,,,
1416386323.21421,information_schema,sql_features,0,0,,,0,0,0,0,0,0,0,0,,,0,0,0,0
1416386323.21421,information_schema,sql_languages,0,0,,,0,0,0,0,0,0,0,0,,,0,0,0,0
1416386323.21421,pg_catalog,pg_foreign_table,0,0,0,0,0,0,0,0,0,0,0,0,0,0,,,,
1416386323.21421,pg_catalog,pg_extension,0,0,0,0,0,0,0,0,0,0,0,0,0,0,,,,
1416386323.21421,pg_catalog,pg_ts_config,0,0,0,0,0,0,0,0,0,0,0,0,0,0,,,,
1416386323.21421,pg_catalog,pg_shdescription,0,0,0,0,0,0,0,0,0,0,0,0,0,0,0,0,0,0
1416386323.21421,pg_catalog,pg_cast,0,0,655128,155413,0,0,0,0,0,0,887,154526,543,673344,,,,
1416386323.21421,pg_catalog,pg_amop,0,0,175526,255667,0,0,0,0,0,0,1304,254363,2856,371248,,,,
1416386323.21421,pg_catalog,pg_user_mapping,0,0,0,0,0,0,0,0,0,0,0,0,0,0,,,,
1416386323.21421,pg_toast,pg_toast_12315,0,0,0,0,0,0,0,0,0,0,0,0,0,0,,,,
1416386323.21421,pg_catalog,pg_type,0,0,463667,459135,1198,0,1198,0,360,79,3084,461393,4503,952794,,,,
1416386323.21421,pg_catalog,pg_largeobject,0,0,0,0,0,0,0,0,0,0,0,0,0,0,,,,
1416386323.21421,information_schema,sql_parts,0,0,,,0,0,0,0,0,0,0,0,,,0,0,0,0
1416386323.21421,pg_catalog,pg_ts_config_map,0,0,0,0,0,0,0,0,0,0,0,0,0,0,,,,
1416386323.21421,pg_catalog,pg_largeobject_metadata,0,0,0,0,0,0,0,0,0,0,0,0,0,0,,,,
1416386323.21421,pg_catalog,pg_am,20334,20334,0,0,0,0,0,0,0,0,288,20046,0,0,,,,
1416386323.21421,pg_catalog,pg_ts_template,0,0,0,0,0,0,0,0,0,0,0,0,0,0,,,,
1416386323.21421,pg_catalog,pg_foreign_server,0,0,0,0,0,0,0,0,0,0,0,0,0,0,,,,
1416386323.21421,pg_catalog,pg_namespace,830,70308,108662,89365,2,0,0,0,2,0,462,90566,1327,128099,,,,
1416386323.21421,pg_toast,pg_toast_2619,0,0,81688,273026,3092,0,2854,0,261,36,26670,106766,1142,121665,,,,
1416386323.21421,pg_catalog,pg_authid,467,467,38865,38865,0,0,0,0,0,0,247,39085,1138,76592,,,,
1416386323.21421,pg_catalog,pg_default_acl,0,0,2416,0,0,0,0,0,0,0,0,0,256,2160,,,,
1416386323.21421,pg_catalog,pg_shdepend,0,0,3272,606,0,0,0,0,0,0,279,327,1060,3420,,,,
1416386323.21421,public,part,41,46000000,694,21267055,2000000,0,0,0,2000000,0,1253174,901789,66733,15991,,,,
1416386323.21421,public,customer,78,63000000,724,12951614,1500000,0,0,0,1500000,0,1475161,3690374,38885,2046,,,,
1416386323.21421,pg_catalog,pg_constraint,0,0,160,80,80,0,80,0,10,40,43,449,80,804,0,0,0,0
1416386323.21421,information_schema,sql_implementation_info,0,0,,,0,0,0,0,0,0,0,0,,,0,0,0,0
1416386323.21421,pg_catalog,pg_index,2937,268081,218469,310344,448,0,448,0,143,44,2639,313648,1440,249971,,,,
1416386323.21421,pg_catalog,pg_ts_dict,0,0,0,0,0,0,0,0,0,0,0,0,0,0,,,,
1416386323.21421,pg_toast,pg_toast_2604,0,0,0,0,0,0,0,0,0,0,0,0,0,0,,,,
1416386323.21421,pg_toast,pg_toast_12325,0,0,0,0,0,0,0,0,0,0,0,0,0,0,,,,
1416386323.21421,information_schema,sql_sizing,0,0,,,0,0,0,0,0,0,0,0,,,0,0,0,0
1416386323.21421,pg_catalog,pg_proc,0,0,172655,255774,0,0,0,0,0,0,14846,171653,7195,375155,0,0,0,0
1416386323.21421,public,time_statistics,219,27492,,,234,219,0,210,234,74,169,1038,,,,,,
